sketch_id,sketcher_category,age_bin,n
1-005.png,Tree,1,11
1-006.png,Watch,1,10
1-007.png,Airplane,1,11
1-008.png,Chair,1,11
1-009.png,House,1,11
1-010.png,Rabbit,1,11
1-011.png,Car,1,11
1-012.png,Cat,1,11
1-013.png,Bicycle,1,11
1-014.png,Bird,1,12
1-015.png,Cup,1,11
1-016.png,Hat,1,12
10-005.png,Cup,1,11
10-006.png,Car,1,11
10-007.png,Bicycle,1,12
10-008.png,Cat,1,12
10-009.png,House,1,10
10-010.png,Rabbit,1,12
10-011.png,Tree,1,12
10-012.png,Watch,1,11
10-013.png,Airplane,1,10
10-014.png,Bird,1,10
10-015.png,Hat,1,11
10-016.png,Chair,1,11
100-005.png,Rabbit,5,11
100-006.png,House,5,11
100-007.png,Hat,5,11
100-008.png,Cup,5,11
100-009.png,Chair,5,11
100-010.png,Bicycle,5,12
100-011.png,Cat,5,11
100-012.png,Car,5,12
100-013.png,Tree,5,11
100-014.png,Airplane,5,11
100-015.png,Bird,5,13
100-016.png,Watch,5,10
101-005.png,House,6,11
101-006.png,Rabbit,6,11
101-007.png,Tree,6,11
101-008.png,Hat,6,10
101-009.png,Chair,6,11
101-010.png,Cup,6,11
101-011.png,Cat,6,11
101-012.png,Bird,6,11
101-013.png,Car,6,11
101-014.png,Airplane,6,11
101-015.png,Watch,6,12
101-016.png,Bicycle,6,12
102-005.png,Rabbit,6,15
102-006.png,House,6,11
102-007.png,Hat,6,12
102-008.png,Cup,6,11
102-009.png,Watch,6,11
102-010.png,Chair,6,11
102-011.png,Car,6,11
102-012.png,Cat,6,11
102-013.png,Bird,6,11
102-014.png,Tree,6,10
102-015.png,Bicycle,6,11
102-016.png,Airplane,6,13
103-005.png,Airplane,6,11
103-006.png,Cup,6,11
103-007.png,Tree,6,11
103-008.png,Rabbit,6,11
103-009.png,Hat,6,12
103-010.png,House,6,12
103-011.png,Cat,6,11
103-012.png,Watch,6,12
103-013.png,Chair,6,13
103-014.png,Bicycle,6,11
103-015.png,Bird,6,11
103-016.png,Car,6,13
104-005.png,Watch,6,12
104-006.png,Airplane,6,13
104-007.png,Tree,6,11
104-008.png,Cup,6,13
104-009.png,Chair,6,11
104-010.png,Hat,6,13
104-011.png,House,6,10
104-012.png,Rabbit,6,12
104-013.png,Cat,6,10
104-014.png,Car,6,11
104-015.png,Bird,6,12
104-016.png,Bicycle,6,14
105-005.png,Watch,6,10
105-006.png,Bicycle,6,12
105-007.png,Bird,6,15
105-008.png,Car,6,13
105-009.png,Airplane,6,14
105-010.png,Cat,6,11
105-011.png,Cup,6,16
105-012.png,Rabbit,6,10
105-013.png,Tree,6,14
105-014.png,Chair,6,13
105-015.png,Hat,6,13
105-016.png,House,6,13
106-005.png,Cat,6,12
106-006.png,Watch,6,12
106-007.png,Chair,6,10
106-008.png,Airplane,6,14
106-009.png,Bicycle,6,11
106-010.png,Cup,6,10
106-011.png,Hat,6,13
106-012.png,Tree,6,10
106-013.png,House,6,11
106-014.png,Rabbit,6,12
106-015.png,Bird,6,16
106-016.png,Car,6,11
107-005.png,Rabbit,6,10
107-006.png,House,6,12
107-007.png,Hat,6,10
107-008.png,Cup,6,10
107-009.png,Car,6,11
107-010.png,Tree,6,12
107-011.png,Watch,6,10
107-012.png,Airplane,6,11
107-013.png,Cat,6,13
107-014.png,Chair,6,10
107-015.png,Bicycle,6,12
107-016.png,Bird,6,12
108-005.png,Cup,6,11
108-006.png,Hat,6,13
108-007.png,Chair,6,14
108-008.png,House,6,11
108-009.png,Rabbit,6,14
108-010.png,Watch,6,11
108-011.png,Bird,6,10
108-012.png,Tree,6,11
108-013.png,Car,6,12
108-014.png,Airplane,6,12
108-015.png,Cat,6,13
108-016.png,Bicycle,6,11
109-005.png,Cat,6,12
109-006.png,Watch,6,13
109-007.png,Cup,6,11
109-008.png,Rabbit,6,11
109-009.png,Tree,6,10
109-010.png,Chair,6,12
109-011.png,Hat,6,11
109-012.png,House,6,11
109-013.png,Bird,6,13
109-014.png,Car,6,11
109-015.png,Airplane,6,9
109-016.png,Bicycle,6,10
11-005.png,Hat,1,14
11-006.png,Rabbit,1,11
11-007.png,Tree,1,12
11-008.png,Cat,1,11
11-009.png,Bicycle,1,12
11-010.png,Airplane,1,10
11-011.png,Bird,1,12
11-012.png,Car,1,11
11-013.png,Chair,1,10
11-014.png,Cup,1,11
11-015.png,House,1,12
11-016.png,Watch,1,11
110-005.png,Watch,6,10
110-006.png,Bicycle,6,11
110-007.png,Bird,6,10
110-008.png,Rabbit,6,11
110-009.png,Tree,6,13
110-010.png,Car,6,14
110-011.png,Cat,6,12
110-012.png,Chair,6,11
110-013.png,Cup,6,12
110-014.png,Airplane,6,11
110-015.png,Hat,6,13
110-016.png,House,6,11
111-005.png,Chair,6,12
111-006.png,Cup,6,10
111-007.png,Bird,6,11
111-008.png,Tree,6,12
111-009.png,Airplane,6,10
111-010.png,Bicycle,6,14
111-011.png,Rabbit,6,11
111-012.png,Car,6,10
111-013.png,Hat,6,11
111-014.png,House,6,11
111-015.png,Watch,6,12
111-016.png,Cat,6,10
112-005.png,Tree,6,13
112-006.png,Rabbit,6,11
112-007.png,House,6,12
112-008.png,Chair,6,11
112-009.png,Cup,6,12
112-010.png,Bicycle,6,10
112-011.png,Bird,6,11
112-012.png,Watch,6,12
112-013.png,Car,6,11
112-014.png,Hat,6,10
112-015.png,Airplane,6,9
112-016.png,Cat,6,10
113-005.png,Watch,6,12
113-006.png,Cat,6,11
113-007.png,House,6,11
113-008.png,Hat,6,12
113-009.png,Rabbit,6,11
113-010.png,Tree,6,12
113-011.png,Bicycle,6,11
113-012.png,Chair,6,12
113-013.png,Cup,6,10
113-014.png,Airplane,6,11
113-015.png,Car,6,11
113-016.png,Bird,6,10
114-005.png,Tree,6,10
114-006.png,Rabbit,6,11
114-007.png,House,6,12
114-008.png,Cup,6,10
114-009.png,Watch,6,10
114-010.png,Chair,6,11
114-011.png,Airplane,6,13
114-012.png,Car,6,10
114-013.png,Cat,6,12
114-014.png,Bicycle,6,10
114-015.png,Bird,6,11
114-016.png,Hat,6,12
115-005.png,Airplane,6,10
115-006.png,Bird,6,10
115-007.png,Cup,6,12
115-008.png,Bicycle,6,12
115-009.png,Hat,6,10
115-010.png,House,6,12
115-011.png,Watch,6,11
115-012.png,Cat,6,10
115-013.png,Chair,6,11
115-014.png,Rabbit,6,11
115-015.png,Car,6,11
115-016.png,Tree,6,10
116-005.png,Bicycle,6,8
116-006.png,Tree,6,11
116-007.png,Watch,6,11
116-008.png,Cup,6,11
116-009.png,Hat,6,10
116-010.png,Bird,6,9
116-011.png,Car,6,10
116-012.png,Cat,6,11
116-013.png,Chair,6,10
116-014.png,Airplane,6,11
116-015.png,House,6,11
116-016.png,Rabbit,6,11
117-005.png,Rabbit,6,10
117-006.png,Cup,6,10
117-007.png,Watch,6,12
117-008.png,Car,6,10
117-009.png,Cat,6,10
117-010.png,Chair,6,10
117-011.png,Bird,6,10
117-012.png,Tree,6,10
117-013.png,Hat,6,10
117-014.png,House,6,10
117-015.png,Airplane,6,11
117-016.png,Bicycle,6,11
118-005.png,Cat,6,12
118-006.png,Chair,6,9
118-007.png,Bicycle,6,10
118-008.png,Bird,6,11
118-009.png,Car,6,11
118-010.png,Airplane,6,10
118-011.png,House,6,10
118-012.png,Rabbit,6,11
118-013.png,Tree,6,12
118-014.png,Watch,6,12
118-015.png,Cup,6,11
118-016.png,Hat,6,10
119-005.png,Bird,6,10
119-006.png,Cup,6,12
119-007.png,Hat,6,10
119-008.png,Rabbit,6,11
119-009.png,Bicycle,6,12
119-010.png,Car,6,12
119-011.png,Cat,6,12
119-012.png,Airplane,6,11
119-013.png,Chair,6,12
119-014.png,Tree,6,10
119-015.png,Watch,6,9
119-016.png,House,6,12
12-005.png,Cup,1,11
12-006.png,Watch,1,11
12-007.png,Bicycle,1,10
12-008.png,Airplane,1,10
12-009.png,Bird,1,11
12-010.png,Car,1,10
12-011.png,Cat,1,10
12-012.png,Chair,1,11
12-013.png,Hat,1,12
12-014.png,House,1,10
12-015.png,Rabbit,1,12
12-016.png,Tree,1,12
120-005.png,Airplane,6,10
120-006.png,Cup,6,11
120-007.png,Hat,6,10
120-008.png,Car,6,11
120-009.png,Bird,6,11
120-010.png,Bicycle,6,12
120-011.png,House,6,11
120-012.png,Rabbit,6,10
120-013.png,Tree,6,12
120-014.png,Watch,6,11
120-015.png,Cat,6,11
120-016.png,Chair,6,11
13-005.png,Watch,1,12
13-006.png,Airplane,1,10
13-007.png,Rabbit,1,11
13-008.png,Hat,1,11
13-009.png,Bird,1,10
13-010.png,Bicycle,1,12
13-011.png,Car,1,11
13-012.png,Chair,1,10
13-013.png,Cat,1,11
13-014.png,Cup,1,11
13-015.png,House,1,10
13-016.png,Tree,1,11
14-005.png,Hat,1,11
14-006.png,Rabbit,1,8
14-007.png,Tree,1,11
14-008.png,Watch,1,12
14-009.png,Chair,1,11
14-010.png,Car,1,8
14-011.png,Bicycle,1,10
14-012.png,Airplane,1,10
14-013.png,Bird,1,13
14-014.png,Cat,1,10
14-015.png,Cup,1,10
14-016.png,House,1,10
15-005.png,House,1,11
15-006.png,Rabbit,1,11
15-007.png,Tree,1,11
15-008.png,Watch,1,11
15-009.png,Chair,1,9
15-010.png,Bird,1,10
15-011.png,Airplane,1,10
15-012.png,Bicycle,1,9
15-013.png,Car,1,10
15-014.png,Cat,1,11
15-015.png,Cup,1,11
15-016.png,Hat,1,10
16-005.png,Cup,1,9
16-006.png,Car,1,11
16-007.png,Cat,1,12
16-008.png,Chair,1,11
16-009.png,Watch,1,10
16-010.png,Airplane,1,10
16-011.png,Bicycle,1,11
16-012.png,Bird,1,11
16-013.png,Hat,1,9
16-014.png,House,1,14
16-015.png,Tree,1,11
16-016.png,Rabbit,1,11
17-005.png,Airplane,1,10
17-006.png,Bicycle,1,10
17-007.png,Bird,1,10
17-008.png,Chair,1,10
17-009.png,Rabbit,1,10
17-010.png,Tree,1,10
17-011.png,Watch,1,12
17-012.png,Car,1,11
17-013.png,Cat,1,11
17-014.png,Cup,1,9
17-015.png,Hat,1,11
17-016.png,House,1,9
18-005.png,House,1,11
18-006.png,Rabbit,1,10
18-007.png,Hat,1,11
18-008.png,Watch,1,11
18-009.png,Car,1,11
18-010.png,Cat,1,11
18-011.png,Airplane,1,12
18-012.png,Bicycle,1,11
18-013.png,Bird,1,12
18-014.png,Chair,1,12
18-015.png,Cup,1,10
18-016.png,Tree,1,12
19-005.png,Hat,1,10
19-006.png,House,1,10
19-007.png,Rabbit,1,11
19-008.png,Tree,1,11
19-009.png,Watch,1,12
19-010.png,Chair,1,11
19-011.png,Cup,1,11
19-012.png,Bird,1,13
19-013.png,Airplane,1,10
19-014.png,Bicycle,1,11
19-015.png,Car,1,11
19-016.png,Cat,1,11
2-005.png,Chair,1,13
2-006.png,Hat,1,11
2-007.png,Cup,1,12
2-008.png,House,1,14
2-009.png,Tree,1,12
2-010.png,Rabbit,1,10
2-011.png,Watch,1,11
2-012.png,Bicycle,1,11
2-013.png,Airplane,1,11
2-014.png,Bird,1,12
2-015.png,Cat,1,11
2-016.png,Car,1,13
20-005.png,Bird,1,12
20-006.png,Hat,1,12
20-007.png,Car,1,13
20-008.png,Cat,1,11
20-009.png,Cup,1,11
20-010.png,House,1,13
20-011.png,Rabbit,1,11
20-012.png,Tree,1,11
20-013.png,Chair,1,14
20-014.png,Watch,1,12
20-015.png,Bicycle,1,12
20-016.png,Airplane,1,12
21-005.png,Cat,2,10
21-006.png,Chair,2,14
21-007.png,Cup,2,11
21-008.png,Hat,2,11
21-009.png,Watch,2,10
21-010.png,House,2,11
21-011.png,Rabbit,2,11
21-012.png,Airplane,2,10
21-013.png,Bird,2,10
21-014.png,Car,2,12
21-015.png,Tree,2,14
21-016.png,Bicycle,2,11
22-005.png,Cat,2,14
22-006.png,Chair,2,11
22-007.png,Bicycle,2,12
22-008.png,Hat,2,12
22-009.png,Car,2,12
22-010.png,Watch,2,9
22-011.png,Bird,2,12
22-012.png,Airplane,2,12
22-013.png,House,2,10
22-014.png,Tree,2,11
22-015.png,Cup,2,14
22-016.png,Rabbit,2,12
23-005.png,Chair,2,13
23-006.png,Cat,2,12
23-007.png,Watch,2,12
23-008.png,Rabbit,2,10
23-009.png,Tree,2,10
23-010.png,Bird,2,13
23-011.png,Car,2,11
23-012.png,Airplane,2,13
23-013.png,Cup,2,13
23-014.png,Hat,2,13
23-015.png,House,2,13
23-016.png,Bicycle,2,11
24-005.png,Car,2,11
24-006.png,Chair,2,10
24-007.png,Cat,2,13
24-008.png,Airplane,2,11
24-009.png,Bird,2,16
24-010.png,Bicycle,2,11
24-011.png,Rabbit,2,11
24-012.png,Watch,2,11
24-013.png,Tree,2,13
24-014.png,Cup,2,12
24-015.png,House,2,12
24-016.png,Hat,2,14
25-005.png,Bicycle,2,15
25-006.png,Airplane,2,10
25-007.png,Car,2,12
25-008.png,Bird,2,14
25-009.png,Chair,2,10
25-010.png,Cat,2,12
25-011.png,Hat,2,10
25-012.png,Cup,2,13
25-013.png,Rabbit,2,10
25-014.png,House,2,12
25-015.png,Watch,2,11
25-016.png,Tree,2,10
26-005.png,Bicycle,2,11
26-006.png,Airplane,2,12
26-007.png,Car,2,11
26-008.png,Bird,2,12
26-009.png,Chair,2,12
26-010.png,Cat,2,15
26-011.png,Hat,2,10
26-012.png,Cup,2,11
26-013.png,Rabbit,2,9
26-014.png,House,2,11
26-015.png,Watch,2,11
26-016.png,Tree,2,11
27-005.png,Airplane,2,12
27-006.png,Bicycle,2,10
27-007.png,Bird,2,11
27-008.png,Cat,2,11
27-009.png,House,2,10
27-010.png,Rabbit,2,11
27-011.png,Chair,2,11
27-012.png,Tree,2,10
27-013.png,Watch,2,11
27-014.png,Cup,2,12
27-015.png,Hat,2,14
27-016.png,Car,2,11
28-005.png,Bicycle,2,11
28-006.png,Airplane,2,14
28-007.png,Car,2,11
28-008.png,Cat,2,10
28-009.png,Chair,2,15
28-010.png,Cup,2,11
28-011.png,Hat,2,11
28-012.png,House,2,10
28-013.png,Rabbit,2,12
28-014.png,Watch,2,10
28-015.png,Tree,2,13
28-016.png,Bird,2,10
29-005.png,Bicycle,2,12
29-006.png,Bird,2,11
29-007.png,Car,2,10
29-008.png,Cat,2,10
29-009.png,Chair,2,12
29-010.png,Cup,2,11
29-011.png,House,2,13
29-012.png,Watch,2,12
29-013.png,Rabbit,2,11
29-014.png,Tree,2,10
29-015.png,Hat,2,11
29-016.png,Airplane,2,11
3-005.png,Airplane,1,10
3-006.png,Bicycle,1,13
3-007.png,Bird,1,11
3-008.png,Car,1,10
3-009.png,Cat,1,13
3-010.png,Chair,1,12
3-011.png,Cup,1,11
3-012.png,Hat,1,13
3-013.png,House,1,11
3-014.png,Rabbit,1,12
3-015.png,Tree,1,10
3-016.png,Watch,1,11
30-005.png,Airplane,2,11
30-006.png,Bicycle,2,12
30-007.png,Bird,2,10
30-008.png,Car,2,11
30-009.png,Cat,2,14
30-010.png,Chair,2,13
30-011.png,Cup,2,10
30-012.png,Hat,2,11
30-013.png,House,2,11
30-014.png,Rabbit,2,10
30-015.png,Tree,2,11
30-016.png,Watch,2,11
31-005.png,Airplane,2,11
31-006.png,Bicycle,2,11
31-007.png,Bird,2,10
31-008.png,Car,2,12
31-009.png,Cat,2,10
31-010.png,Chair,2,11
31-011.png,Cup,2,11
31-012.png,Hat,2,10
31-013.png,House,2,12
31-014.png,Rabbit,2,11
31-015.png,Tree,2,13
31-016.png,Watch,2,11
32-005.png,Rabbit,2,10
32-006.png,House,2,14
32-007.png,Watch,2,10
32-008.png,Tree,2,11
32-009.png,Bicycle,2,11
32-010.png,Airplane,2,10
32-011.png,Car,2,11
32-012.png,Bird,2,10
32-013.png,Chair,2,11
32-014.png,Cat,2,10
32-015.png,Hat,2,12
32-016.png,Cup,2,10
33-005.png,Airplane,2,10
33-006.png,Bicycle,2,10
33-007.png,Bird,2,11
33-008.png,House,2,12
33-009.png,Car,2,11
33-010.png,Rabbit,2,11
33-011.png,Tree,2,11
33-012.png,Cat,2,9
33-013.png,Chair,2,10
33-014.png,Cup,2,11
33-015.png,Hat,2,10
33-016.png,Watch,2,12
34-005.png,Cup,2,11
34-006.png,House,2,11
34-007.png,Hat,2,12
34-008.png,Rabbit,2,13
34-009.png,Watch,2,14
34-010.png,Tree,2,12
34-011.png,Airplane,2,14
34-012.png,Bird,2,11
34-013.png,Bicycle,2,12
34-014.png,Chair,2,10
34-015.png,Car,2,14
34-016.png,Cat,2,13
35-005.png,Bird,2,11
35-006.png,Airplane,2,12
35-007.png,Chair,2,10
35-008.png,Bicycle,2,11
35-009.png,Car,2,10
35-010.png,Cup,2,11
35-011.png,House,2,10
35-012.png,Cat,2,11
35-013.png,Hat,2,10
35-014.png,Watch,2,12
35-015.png,Tree,2,10
35-016.png,Rabbit,2,15
36-005.png,Rabbit,2,12
36-006.png,Tree,2,11
36-007.png,Watch,2,11
36-008.png,Cup,2,10
36-009.png,Hat,2,10
36-010.png,House,2,11
36-011.png,Car,2,9
36-012.png,Cat,2,10
36-013.png,Chair,2,10
36-014.png,Airplane,2,10
36-015.png,Bicycle,2,10
36-016.png,Bird,2,10
37-005.png,Watch,2,10
37-006.png,Bird,2,10
37-007.png,Car,2,10
37-008.png,Airplane,2,11
37-009.png,Bicycle,2,11
37-010.png,Cup,2,11
37-011.png,Hat,2,10
37-012.png,Cat,2,10
37-013.png,Chair,2,10
37-014.png,House,2,12
37-015.png,Rabbit,2,11
37-016.png,Tree,2,11
38-005.png,Car,2,12
38-006.png,Cat,2,10
38-007.png,Chair,2,11
38-008.png,House,2,9
38-009.png,Rabbit,2,11
38-010.png,Cup,2,11
38-011.png,Hat,2,11
38-012.png,Tree,2,10
38-013.png,Watch,2,12
38-014.png,Airplane,2,10
38-015.png,Bicycle,2,12
38-016.png,Bird,2,11
39-005.png,House,2,11
39-006.png,Car,2,12
39-007.png,Cat,2,10
39-008.png,Airplane,2,10
39-009.png,Bicycle,2,11
39-010.png,Chair,2,10
39-011.png,Cup,2,11
39-012.png,Rabbit,2,12
39-013.png,Tree,2,12
39-014.png,Watch,2,11
39-015.png,Bird,2,11
39-016.png,Hat,2,11
4-005.png,Bird,1,13
4-006.png,Airplane,1,12
4-007.png,Bicycle,1,13
4-008.png,Car,1,12
4-009.png,Chair,1,14
4-010.png,Cat,1,11
4-011.png,Cup,1,16
4-012.png,House,1,14
4-013.png,Hat,1,12
4-014.png,Tree,1,11
4-015.png,Rabbit,1,11
4-016.png,Watch,1,12
40-005.png,Car,2,12
40-006.png,Bicycle,2,10
40-007.png,Bird,2,11
40-008.png,Chair,2,11
40-009.png,Cat,2,11
40-010.png,Cup,2,10
40-011.png,House,2,10
40-012.png,Airplane,2,11
40-013.png,Hat,2,12
40-014.png,Tree,2,11
40-015.png,Watch,2,14
40-016.png,Rabbit,2,12
41-005.png,Airplane,3,10
41-006.png,Chair,3,11
41-007.png,Cup,3,11
41-008.png,Bird,3,11
41-009.png,Bicycle,3,10
41-010.png,Car,3,10
41-011.png,Cat,3,11
41-012.png,Rabbit,3,12
41-013.png,Tree,3,12
41-014.png,Watch,3,11
41-015.png,House,3,11
41-016.png,Hat,3,11
42-005.png,Bird,3,11
42-006.png,Car,3,12
42-007.png,Chair,3,12
42-008.png,Cat,3,12
42-009.png,Bicycle,3,10
42-010.png,Rabbit,3,12
42-011.png,Tree,3,12
42-012.png,Hat,3,10
42-013.png,House,3,10
42-014.png,Cup,3,12
42-015.png,Watch,3,11
42-016.png,Airplane,3,12
43-005.png,Airplane,3,10
43-006.png,Hat,3,12
43-007.png,Bicycle,3,12
43-008.png,Watch,3,12
43-009.png,Bird,3,12
43-010.png,Cat,3,12
43-011.png,Chair,3,11
43-012.png,Tree,3,11
43-013.png,Cup,3,11
43-014.png,House,3,10
43-015.png,Rabbit,3,11
43-016.png,Car,3,11
44-005.png,Tree,3,11
44-006.png,Watch,3,10
44-007.png,Bicycle,3,10
44-008.png,Airplane,3,11
44-009.png,House,3,11
44-010.png,Bird,3,9
44-011.png,Car,3,11
44-012.png,Cup,3,11
44-013.png,Chair,3,11
44-014.png,Cat,3,11
44-015.png,Hat,3,11
44-016.png,Rabbit,3,12
45-005.png,Car,3,11
45-006.png,Cat,3,10
45-007.png,Chair,3,9
45-008.png,Cup,3,10
45-009.png,Hat,3,8
45-010.png,House,3,12
45-011.png,Rabbit,3,11
45-012.png,Tree,3,10
45-013.png,Watch,3,9
45-014.png,Airplane,3,11
45-015.png,Bicycle,3,11
45-016.png,Bird,3,10
46-005.png,Tree,3,10
46-006.png,Airplane,3,12
46-007.png,Bicycle,3,11
46-008.png,Bird,3,10
46-009.png,Car,3,11
46-010.png,Cat,3,10
46-011.png,Watch,3,13
46-012.png,Chair,3,11
46-013.png,Cup,3,11
46-014.png,Hat,3,12
46-015.png,House,3,10
46-016.png,Rabbit,3,11
47-005.png,Bird,3,11
47-006.png,Car,3,11
47-007.png,House,3,10
47-008.png,Cat,3,11
47-009.png,Bicycle,3,12
47-010.png,Rabbit,3,11
47-011.png,Tree,3,10
47-012.png,Watch,3,11
47-013.png,Chair,3,12
47-014.png,Cup,3,11
47-015.png,Hat,3,10
47-016.png,Airplane,3,11
48-005.png,Car,3,14
48-006.png,Tree,3,11
48-007.png,Chair,3,10
48-008.png,Bird,3,12
48-009.png,Airplane,3,10
48-010.png,Bicycle,3,10
48-011.png,Cat,3,10
48-012.png,Watch,3,13
48-013.png,House,3,10
48-014.png,Rabbit,3,10
48-015.png,Cup,3,9
48-016.png,Hat,3,10
49-005.png,Chair,3,12
49-006.png,Hat,3,12
49-007.png,House,3,11
49-008.png,Bird,3,11
49-009.png,Car,3,11
49-010.png,Cat,3,11
49-011.png,Airplane,3,11
49-012.png,Bicycle,3,10
49-013.png,Cup,3,11
49-014.png,Tree,3,12
49-015.png,Watch,3,11
49-016.png,Rabbit,3,12
5-005.png,Rabbit,1,14
5-006.png,Car,1,13
5-007.png,Hat,1,10
5-008.png,Tree,1,14
5-009.png,Watch,1,11
5-010.png,Airplane,1,11
5-011.png,Cat,1,11
5-012.png,Cup,1,11
5-013.png,House,1,11
5-014.png,Chair,1,11
5-015.png,Bicycle,1,13
5-016.png,Bird,1,12
50-005.png,Airplane,3,10
50-006.png,Bicycle,3,12
50-007.png,House,3,11
50-008.png,Rabbit,3,11
50-009.png,Tree,3,12
50-010.png,Watch,3,11
50-011.png,Cup,3,11
50-012.png,Hat,3,11
50-013.png,Bird,3,10
50-014.png,Chair,3,10
50-015.png,Car,3,12
50-016.png,Cat,3,12
51-005.png,House,3,11
51-006.png,Airplane,3,10
51-007.png,Bicycle,3,11
51-008.png,Bird,3,11
51-009.png,Chair,3,14
51-010.png,Cup,3,10
51-011.png,Hat,3,11
51-012.png,Rabbit,3,11
51-013.png,Tree,3,11
51-014.png,Watch,3,10
51-015.png,Car,3,10
51-016.png,Cat,3,13
52-005.png,Bicycle,3,11
52-006.png,Car,3,12
52-007.png,Bird,3,12
52-008.png,Cup,3,13
52-009.png,Hat,3,15
52-010.png,House,3,15
52-011.png,Rabbit,3,11
52-012.png,Tree,3,10
52-013.png,Watch,3,14
52-014.png,Cat,3,11
52-015.png,Airplane,3,12
52-016.png,Chair,3,11
53-005.png,Bird,3,11
53-006.png,Car,3,10
53-007.png,Cat,3,10
53-008.png,Chair,3,12
53-009.png,Airplane,3,13
53-010.png,Bicycle,3,10
53-011.png,Rabbit,3,11
53-012.png,Tree,3,11
53-013.png,Cup,3,11
53-014.png,Hat,3,11
53-015.png,House,3,11
53-016.png,Watch,3,11
54-005.png,Car,3,12
54-006.png,Cat,3,11
54-007.png,Chair,3,11
54-008.png,Airplane,3,11
54-009.png,Bicycle,3,11
54-010.png,Bird,3,12
54-011.png,Tree,3,11
54-012.png,Watch,3,14
54-013.png,Cup,3,11
54-014.png,Hat,3,10
54-015.png,House,3,11
54-016.png,Rabbit,3,11
55-005.png,Hat,3,11
55-006.png,Bicycle,3,13
55-007.png,Bird,3,11
55-008.png,Rabbit,3,12
55-009.png,Tree,3,11
55-010.png,Watch,3,11
55-011.png,Car,3,11
55-012.png,Cat,3,10
55-013.png,Chair,3,13
55-014.png,Airplane,3,9
55-015.png,Cup,3,10
55-016.png,House,3,11
56-005.png,Watch,3,10
56-006.png,Tree,3,11
56-007.png,Bicycle,3,11
56-008.png,Bird,3,12
56-009.png,Airplane,3,10
56-010.png,Chair,3,11
56-011.png,Cup,3,11
56-012.png,Car,3,11
56-013.png,Cat,3,13
56-014.png,Hat,3,12
56-015.png,House,3,10
56-016.png,Rabbit,3,10
57-005.png,Tree,3,14
57-006.png,Watch,3,10
57-007.png,Hat,3,12
57-008.png,Cat,3,11
57-009.png,Chair,3,10
57-010.png,Cup,3,14
57-011.png,Bicycle,3,12
57-012.png,Bird,3,11
57-013.png,Car,3,10
57-014.png,Airplane,3,12
57-015.png,House,3,13
57-016.png,Rabbit,3,13
58-005.png,House,3,14
58-006.png,Tree,3,12
58-007.png,Rabbit,3,10
58-008.png,Chair,3,10
58-009.png,Cat,3,12
58-010.png,Car,3,12
58-011.png,Cup,3,12
58-012.png,Hat,3,11
58-013.png,Airplane,3,13
58-014.png,Bicycle,3,11
58-015.png,Bird,3,12
58-016.png,Watch,3,11
59-005.png,Tree,3,12
59-006.png,Rabbit,3,12
59-007.png,Chair,3,13
59-008.png,Cat,3,10
59-009.png,Bird,3,12
59-010.png,Car,3,12
59-011.png,Airplane,3,16
59-012.png,Bicycle,3,12
59-013.png,House,3,11
59-014.png,Watch,3,11
59-015.png,Cup,3,12
59-016.png,Hat,3,11
6-005.png,Hat,1,11
6-006.png,House,1,11
6-007.png,Airplane,1,12
6-008.png,Rabbit,1,11
6-009.png,Bird,1,11
6-010.png,Car,1,10
6-011.png,Cat,1,11
6-012.png,Chair,1,10
6-013.png,Cup,1,11
6-014.png,Tree,1,11
6-015.png,Watch,1,11
6-016.png,Bicycle,1,10
60-005.png,Hat,3,14
60-006.png,House,3,12
60-007.png,Cup,3,13
60-008.png,Rabbit,3,11
60-009.png,Tree,3,11
60-010.png,Watch,3,11
60-011.png,Chair,3,11
60-012.png,Car,3,11
60-013.png,Cat,3,14
60-014.png,Bird,3,14
60-015.png,Bicycle,3,15
60-016.png,Airplane,3,11
61-005.png,Bicycle,4,11
61-006.png,Bird,4,11
61-007.png,Hat,4,10
61-008.png,House,4,11
61-009.png,Rabbit,4,11
61-010.png,Tree,4,12
61-011.png,Watch,4,10
61-012.png,Car,4,9
61-013.png,Cat,4,9
61-014.png,Airplane,4,11
61-015.png,Chair,4,11
61-016.png,Cup,4,12
62-005.png,Watch,4,13
62-006.png,Rabbit,4,9
62-007.png,Car,4,10
62-008.png,Bicycle,4,10
62-009.png,Airplane,4,11
62-010.png,Bird,4,11
62-011.png,Cat,4,13
62-012.png,Cup,4,11
62-013.png,Chair,4,11
62-014.png,House,4,11
62-015.png,Hat,4,11
62-016.png,Tree,4,10
63-005.png,Watch,4,10
63-006.png,House,4,11
63-007.png,Car,4,11
63-008.png,Cat,4,11
63-009.png,Airplane,4,13
63-010.png,Rabbit,4,13
63-011.png,Bird,4,10
63-012.png,Bicycle,4,10
63-013.png,Chair,4,13
63-014.png,Hat,4,10
63-015.png,Cup,4,11
63-016.png,Tree,4,12
64-005.png,Bird,4,11
64-006.png,Cat,4,12
64-007.png,Rabbit,4,12
64-008.png,House,4,14
64-009.png,Watch,4,11
64-010.png,Tree,4,10
64-011.png,Cup,4,11
64-012.png,Chair,4,11
64-013.png,Hat,4,11
64-014.png,Car,4,11
64-015.png,Bicycle,4,11
64-016.png,Airplane,4,15
65-005.png,Bird,4,11
65-006.png,Airplane,4,11
65-007.png,Bicycle,4,11
65-008.png,Cup,4,13
65-009.png,House,4,11
65-010.png,Watch,4,12
65-011.png,Tree,4,11
65-012.png,Chair,4,13
65-013.png,Car,4,10
65-014.png,Hat,4,15
65-015.png,Cat,4,15
65-016.png,Rabbit,4,11
66-005.png,Tree,4,12
66-006.png,Watch,4,10
66-007.png,House,4,11
66-008.png,Rabbit,4,12
66-009.png,Car,4,12
66-010.png,Cat,4,11
66-011.png,Airplane,4,14
66-012.png,Bicycle,4,15
66-013.png,Bird,4,15
66-014.png,Chair,4,13
66-015.png,Cup,4,11
66-016.png,Hat,4,13
67-005.png,Car,4,14
67-006.png,Watch,4,10
67-007.png,Rabbit,4,13
67-008.png,Tree,4,10
67-009.png,House,4,13
67-010.png,Chair,4,14
67-011.png,Cup,4,14
67-012.png,Hat,4,11
67-013.png,Cat,4,10
67-014.png,Airplane,4,11
67-015.png,Bicycle,4,12
67-016.png,Bird,4,15
68-005.png,Rabbit,4,14
68-006.png,Cup,4,10
68-007.png,Bird,4,11
68-008.png,Airplane,4,11
68-009.png,Bicycle,4,12
68-010.png,Car,4,12
68-011.png,Cat,4,11
68-012.png,Chair,4,10
68-013.png,Hat,4,12
68-014.png,House,4,12
68-015.png,Tree,4,11
68-016.png,Watch,4,13
69-005.png,Cat,4,12
69-006.png,Chair,4,11
69-007.png,Cup,4,11
69-008.png,Hat,4,11
69-009.png,House,4,10
69-010.png,Rabbit,4,14
69-011.png,Tree,4,10
69-012.png,Watch,4,10
69-013.png,Airplane,4,12
69-014.png,Bicycle,4,13
69-015.png,Bird,4,13
69-016.png,Car,4,11
7-005.png,Cat,1,12
7-006.png,Car,1,12
7-007.png,Chair,1,12
7-008.png,Bicycle,1,11
7-009.png,Airplane,1,16
7-010.png,Bird,1,10
7-011.png,Rabbit,1,12
7-012.png,Cup,1,14
7-013.png,House,1,10
7-014.png,Hat,1,11
7-015.png,Tree,1,12
7-016.png,Watch,1,12
70-005.png,House,4,13
70-006.png,Rabbit,4,12
70-007.png,Cup,4,11
70-008.png,Airplane,4,10
70-009.png,Bicycle,4,11
70-010.png,Bird,4,11
70-011.png,Car,4,11
70-012.png,Cat,4,11
70-013.png,Chair,4,10
70-014.png,Hat,4,12
70-015.png,Tree,4,12
70-016.png,Watch,4,11
71-005.png,Rabbit,4,11
71-006.png,Hat,4,13
71-007.png,Cup,4,12
71-008.png,House,4,11
71-009.png,Car,4,17
71-010.png,Bird,4,11
71-011.png,Chair,4,12
71-012.png,Airplane,4,11
71-013.png,Bicycle,4,12
71-014.png,Tree,4,10
71-015.png,Watch,4,11
71-016.png,Cat,4,11
72-005.png,Airplane,4,11
72-006.png,Tree,4,12
72-007.png,Watch,4,11
72-008.png,Bicycle,4,11
72-009.png,Rabbit,4,10
72-010.png,Cup,4,12
72-011.png,Hat,4,10
72-012.png,House,4,13
72-013.png,Car,4,11
72-014.png,Cat,4,10
72-015.png,Chair,4,11
72-016.png,Bird,4,10
73-005.png,Airplane,4,10
73-006.png,Watch,4,11
73-007.png,Bicycle,4,11
73-008.png,Bird,4,11
73-009.png,Cat,4,11
73-010.png,Chair,4,12
73-011.png,Hat,4,11
73-012.png,Car,4,11
73-013.png,House,4,10
73-014.png,Tree,4,15
73-015.png,Cup,4,10
73-016.png,Rabbit,4,11
74-005.png,Chair,4,11
74-006.png,Bird,4,10
74-007.png,Cup,4,11
74-008.png,Rabbit,4,11
74-009.png,Cat,4,11
74-010.png,Tree,4,12
74-011.png,Hat,4,11
74-012.png,House,4,10
74-013.png,Watch,4,12
74-014.png,Bicycle,4,10
74-015.png,Airplane,4,11
74-016.png,Car,4,10
75-005.png,Bird,4,11
75-006.png,Watch,4,10
75-007.png,House,4,12
75-008.png,Chair,4,11
75-009.png,Car,4,11
75-010.png,Airplane,4,11
75-011.png,Bicycle,4,11
75-012.png,Cup,4,11
75-013.png,Hat,4,11
75-014.png,Cat,4,12
75-015.png,Tree,4,12
75-016.png,Rabbit,4,10
76-005.png,Rabbit,4,10
76-006.png,Tree,4,12
76-007.png,Watch,4,13
76-008.png,Airplane,4,11
76-009.png,Chair,4,10
76-010.png,Cup,4,10
76-011.png,Hat,4,11
76-012.png,Bicycle,4,11
76-013.png,Bird,4,11
76-014.png,Car,4,11
76-015.png,Cat,4,12
76-016.png,House,4,10
77-005.png,Cup,4,11
77-006.png,Airplane,4,11
77-007.png,Cat,4,10
77-008.png,Hat,4,8
77-009.png,Rabbit,4,10
77-010.png,Chair,4,12
77-011.png,Bird,4,10
77-012.png,Tree,4,9
77-013.png,Watch,4,12
77-014.png,Bicycle,4,11
77-015.png,Car,4,10
77-016.png,House,4,9
78-005.png,Car,4,11
78-006.png,Bicycle,4,11
78-007.png,Chair,4,9
78-008.png,Airplane,4,10
78-009.png,Bird,4,11
78-010.png,Cat,4,11
78-011.png,Cup,4,11
78-012.png,House,4,11
78-013.png,Hat,4,11
78-014.png,Watch,4,13
78-015.png,Rabbit,4,10
78-016.png,Tree,4,12
79-005.png,Bird,4,11
79-006.png,Tree,4,10
79-007.png,Watch,4,11
79-008.png,Car,4,11
79-009.png,Cat,4,11
79-010.png,Chair,4,10
79-011.png,Cup,4,11
79-012.png,Airplane,4,10
79-013.png,Bicycle,4,11
79-014.png,Rabbit,4,10
79-015.png,Hat,4,11
79-016.png,House,4,11
8-005.png,Bird,1,10
8-006.png,Car,1,11
8-007.png,Cat,1,14
8-008.png,Chair,1,11
8-009.png,Watch,1,12
8-010.png,Cup,1,12
8-011.png,Hat,1,12
8-012.png,House,1,11
8-013.png,Rabbit,1,10
8-014.png,Tree,1,10
8-015.png,Airplane,1,14
8-016.png,Bicycle,1,11
80-005.png,House,4,11
80-006.png,Cup,4,11
80-007.png,Hat,4,12
80-008.png,Bird,4,10
80-009.png,Airplane,4,10
80-010.png,Bicycle,4,10
80-011.png,Car,4,11
80-012.png,Cat,4,11
80-013.png,Chair,4,10
80-014.png,Tree,4,11
80-015.png,Watch,4,11
80-016.png,Rabbit,4,11
81-005.png,Car,5,11
81-006.png,Hat,5,10
81-007.png,Bird,5,11
81-008.png,Cup,5,11
81-009.png,Tree,5,12
81-010.png,Watch,5,12
81-011.png,Bicycle,5,11
81-012.png,Chair,5,11
81-013.png,Cat,5,11
81-014.png,Airplane,5,13
81-015.png,House,5,11
81-016.png,Rabbit,5,11
82-005.png,Airplane,5,9
82-006.png,Bicycle,5,9
82-007.png,Chair,5,11
82-008.png,Watch,5,10
82-009.png,Rabbit,5,11
82-010.png,Tree,5,10
82-011.png,Hat,5,10
82-012.png,House,5,11
82-013.png,Bird,5,9
82-014.png,Car,5,13
82-015.png,Cat,5,10
82-016.png,Cup,5,10
83-005.png,Watch,5,13
83-006.png,Cat,5,9
83-007.png,Bird,5,10
83-008.png,Bicycle,5,12
83-009.png,Car,5,11
83-010.png,Hat,5,10
83-011.png,Cup,5,9
83-012.png,House,5,10
83-013.png,Tree,5,9
83-014.png,Chair,5,11
83-015.png,Airplane,5,10
83-016.png,Rabbit,5,10
84-005.png,Tree,5,12
84-006.png,Watch,5,11
84-007.png,Cup,5,11
84-008.png,Hat,5,9
84-009.png,Bicycle,5,12
84-010.png,Airplane,5,11
84-011.png,Chair,5,9
84-012.png,Bird,5,10
84-013.png,Car,5,9
84-014.png,House,5,12
84-015.png,Rabbit,5,10
84-016.png,Cat,5,11
85-005.png,Car,5,15
85-006.png,Bicycle,5,13
85-007.png,Bird,5,11
85-008.png,Cat,5,10
85-009.png,Chair,5,10
85-010.png,Rabbit,5,12
85-011.png,Tree,5,11
85-012.png,Watch,5,12
85-013.png,Airplane,5,11
85-014.png,Cup,5,10
85-015.png,Hat,5,11
85-016.png,House,5,14
86-005.png,Cup,5,10
86-006.png,Hat,5,11
86-007.png,Car,5,11
86-008.png,Chair,5,10
86-009.png,Airplane,5,11
86-010.png,Bicycle,5,10
86-011.png,House,5,10
86-012.png,Tree,5,12
86-013.png,Watch,5,11
86-014.png,Bird,5,11
86-015.png,Cat,5,11
86-016.png,Rabbit,5,12
87-005.png,Airplane,5,10
87-006.png,Cat,5,12
87-007.png,Chair,5,11
87-008.png,Car,5,10
87-009.png,Tree,5,12
87-010.png,Watch,5,11
87-011.png,Hat,5,9
87-012.png,House,5,10
87-013.png,Rabbit,5,10
87-014.png,Cup,5,11
87-015.png,Bicycle,5,12
87-016.png,Bird,5,11
88-005.png,Watch,5,11
88-006.png,Airplane,5,11
88-007.png,Bicycle,5,10
88-008.png,Rabbit,5,11
88-009.png,Tree,5,12
88-010.png,House,5,10
88-011.png,Hat,5,11
88-012.png,Cup,5,12
88-013.png,Cat,5,11
88-014.png,Chair,5,11
88-015.png,Bird,5,11
88-016.png,Car,5,10
89-005.png,Hat,5,12
89-006.png,Tree,5,11
89-007.png,Chair,5,13
89-008.png,Cup,5,11
89-009.png,Watch,5,11
89-010.png,Cat,5,11
89-011.png,Bicycle,5,10
89-012.png,Bird,5,13
89-013.png,Car,5,12
89-014.png,Airplane,5,12
89-015.png,House,5,13
89-016.png,Rabbit,5,10
9-005.png,Watch,1,10
9-006.png,Hat,1,11
9-007.png,Chair,1,11
9-008.png,Bicycle,1,12
9-009.png,Airplane,1,14
9-010.png,Car,1,15
9-011.png,Bird,1,10
9-012.png,Cat,1,10
9-013.png,Cup,1,12
9-014.png,Rabbit,1,16
9-015.png,House,1,12
9-016.png,Tree,1,10
90-005.png,Watch,5,11
90-006.png,Tree,5,12
90-007.png,Rabbit,5,11
90-008.png,Cup,5,11
90-009.png,Hat,5,12
90-010.png,Bird,5,16
90-011.png,Chair,5,13
90-012.png,Car,5,11
90-013.png,Cat,5,13
90-014.png,Airplane,5,11
90-015.png,Bicycle,5,11
90-016.png,House,5,12
91-005.png,Rabbit,5,15
91-006.png,Car,5,11
91-007.png,Cat,5,14
91-008.png,Chair,5,12
91-009.png,Tree,5,12
91-010.png,Watch,5,12
91-011.png,Bird,5,13
91-012.png,Bicycle,5,12
91-013.png,Hat,5,14
91-014.png,House,5,11
91-015.png,Cup,5,15
91-016.png,Airplane,5,13
92-005.png,Bicycle,5,13
92-006.png,Airplane,5,11
92-007.png,Car,5,12
92-008.png,Watch,5,12
92-009.png,Chair,5,16
92-010.png,Cup,5,12
92-011.png,Hat,5,13
92-012.png,Bird,5,12
92-013.png,House,5,11
92-014.png,Cat,5,11
92-015.png,Tree,5,14
92-016.png,Rabbit,5,12
93-005.png,Cup,5,11
93-006.png,Chair,5,11
93-007.png,Cat,5,11
93-008.png,Hat,5,11
93-009.png,Car,5,10
93-010.png,House,5,10
93-011.png,Bird,5,11
93-012.png,Rabbit,5,11
93-013.png,Bicycle,5,10
93-014.png,Tree,5,11
93-015.png,Airplane,5,11
93-016.png,Watch,5,11
94-005.png,Cup,5,12
94-006.png,Watch,5,13
94-007.png,Tree,5,10
94-008.png,Rabbit,5,12
94-009.png,Cat,5,13
94-010.png,Chair,5,10
94-011.png,Airplane,5,14
94-012.png,Bicycle,5,11
94-013.png,Bird,5,10
94-014.png,Car,5,11
94-015.png,Hat,5,11
94-016.png,House,5,11
95-005.png,Hat,5,15
95-006.png,House,5,11
95-007.png,Car,5,13
95-008.png,Bird,5,12
95-009.png,Airplane,5,10
95-010.png,Bicycle,5,11
95-011.png,Cat,5,13
95-012.png,Chair,5,10
95-013.png,Cup,5,12
95-014.png,Tree,5,9
95-015.png,Watch,5,10
95-016.png,Rabbit,5,11
96-005.png,Tree,5,10
96-006.png,Rabbit,5,13
96-007.png,House,5,12
96-008.png,Hat,5,12
96-009.png,Airplane,5,14
96-010.png,Cup,5,13
96-011.png,Chair,5,12
96-012.png,Cat,5,11
96-013.png,Car,5,12
96-014.png,Bicycle,5,11
96-015.png,Bird,5,11
96-016.png,Watch,5,10
97-005.png,Hat,5,11
97-006.png,Bicycle,5,13
97-007.png,Bird,5,10
97-008.png,Cup,5,10
97-009.png,Chair,5,12
97-010.png,Watch,5,11
97-011.png,House,5,14
97-012.png,Rabbit,5,10
97-013.png,Airplane,5,11
97-014.png,Car,5,10
97-015.png,Cat,5,11
97-016.png,Tree,5,12
98-005.png,House,5,10
98-006.png,Bicycle,5,10
98-007.png,Rabbit,5,11
98-008.png,Chair,5,10
98-009.png,Cat,5,10
98-010.png,Tree,5,12
98-011.png,Watch,5,11
98-012.png,Hat,5,10
98-013.png,Bird,5,10
98-014.png,Car,5,10
98-015.png,Cup,5,10
98-016.png,Airplane,5,11
99-005.png,Cat,5,11
99-006.png,Airplane,5,10
99-007.png,Hat,5,12
99-008.png,Tree,5,11
99-009.png,Cup,5,13
99-010.png,House,5,11
99-011.png,Rabbit,5,11
99-012.png,Chair,5,11
99-013.png,Bicycle,5,12
99-014.png,Bird,5,10
99-015.png,Watch,5,12
99-016.png,Car,5,11
