Run,Submission id,Participant id,Status,Custom study tncs accepted at,Started at,Completed at,Reviewed at,Archived at,Time taken,Completion code,Total approvals,Fluent languages,Age,Sex,Ethnicity simplified,Country of birth,Country of residence,Nationality,Language,Student status,Employment status
1,68895f138c8bdbd0cef77110,672268205351c30413c9837e,APPROVED,Not Applicable,2025-07-29T23:53:59Z,2025-07-29T23:58:42Z,2025-07-31T04:34:17Z,2025-07-29T23:58:43Z,284,C18GSJ0Y,2980,"Tagalog-Filipino, Thai, English",50,Female,Asian,Philippines,United States,United States,Tagalog-Filipino,No,"Not in paid work (e.g. homemaker', 'retired or disabled)"
1,6889604eeb6ca696626e2cc5,5eaf2b7e05ff7862e21e9d3b,APPROVED,Not Applicable,2025-07-29T23:59:15Z,2025-07-30T00:06:52Z,2025-07-30T00:06:53Z,2025-07-30T00:06:53Z,458,C18GSJ0Y,7550,English,46,Female,Black,United States,United States,United States,English,No,Unemployed (and job seeking)
1,688964170178ab22da8d065a,66bbdb718eac7b2d0d21edf7,APPROVED,Not Applicable,2025-07-30T00:15:25Z,2025-07-30T00:21:36Z,2025-07-30T00:21:38Z,2025-07-30T00:21:36Z,371,C18GSJ0Y,713,English,49,Female,White,United States,United States,United States,English,No,Full-Time
1,6889659722d4c541a303f23b,673feeafa80a279f5cc63e33,APPROVED,Not Applicable,2025-07-30T00:25:03Z,2025-07-30T00:33:21Z,2025-07-30T00:33:24Z,2025-07-30T00:33:21Z,498,C18GSJ0Y,2736,English,62,Female,White,United States,United States,United States,English,No,Full-Time
1,6889694c3d2f19c17bcc8eee,66926bdaacd865fc152ef5ff,APPROVED,Not Applicable,2025-07-30T00:37:38Z,2025-07-30T00:40:30Z,2025-07-31T04:34:17Z,2025-07-30T00:40:30Z,173,C18GSJ0Y,3873,English,51,Female,White,United States,United States,United States,English,No,Full-Time
1,68896dcbf64db7cfd70285ae,5acb7b0ae1099600016acdd6,APPROVED,Not Applicable,2025-07-30T01:00:33Z,2025-07-30T01:05:50Z,2025-07-30T01:05:52Z,2025-07-30T01:05:50Z,317,C18GSJ0Y,8144,English,48,Male,White,United States,United States,United States,English,No,Full-Time
1,68897164307ae368e63ccf54,56e225c2ec0fdd000641e72d,APPROVED,Not Applicable,2025-07-30T01:12:08Z,2025-07-30T01:19:42Z,2025-07-30T01:19:43Z,2025-07-30T01:19:43Z,455,C18GSJ0Y,6706,English,53,Female,White,United States,United States,United States,English,DATA_EXPIRED,DATA_EXPIRED
1,68897344b30e9a3913877754,5d617ba9364f9a0019f1dac3,APPROVED,Not Applicable,2025-07-30T01:20:04Z,2025-07-30T01:29:26Z,2025-07-30T01:29:29Z,2025-07-30T01:29:26Z,562,C18GSJ0Y,11281,English,39,Female,Asian,Japan,United States,United States,Japanese,No,DATA_EXPIRED
1,68897592108f9eaf7df4684b,631f3e52174dc4e4047bbdce,RETURNED,Not Applicable,NA,NA,NA,2025-08-06T22:48:24Z,NA,NA,3774,CONSENT_REVOKED,CONSENT_REVOKED,CONSENT_REVOKED,CONSENT_REVOKED,CONSENT_REVOKED,CONSENT_REVOKED,CONSENT_REVOKED,CONSENT_REVOKED,CONSENT_REVOKED,CONSENT_REVOKED
1,6889783d0bf4df6dd2fc2e9d,67cc84a7ad8328b8bae14416,APPROVED,Not Applicable,2025-07-30T01:41:31Z,2025-07-30T02:06:53Z,2025-07-30T02:06:53Z,2025-07-30T02:06:53Z,1522,C18GSJ0Y,324,English,50,Female,Black,United States,United States,United States,English,Yes,Full-Time
1,68898238b2e7e93ff68d5dea,6717af9a3f98b3e30694012e,APPROVED,Not Applicable,2025-07-30T02:23:52Z,2025-07-30T02:30:47Z,2025-07-30T02:30:50Z,2025-07-30T02:30:47Z,415,C18GSJ0Y,7,English,36,Male,White,United States,United States,United States,English,DATA_EXPIRED,Full-Time
1,68898407dd424897d476390a,58f7ec594bf83e000199f2e9,APPROVED,Not Applicable,2025-07-30T02:37:16Z,2025-07-30T02:41:39Z,2025-07-31T04:34:17Z,2025-07-30T02:41:39Z,263,C18GSJ0Y,2059,English,29,Female,White,United States,United States,United States,English,Yes,Full-Time
1,6889867bc8346bfd586c854c,6612d5d5abf4df0d84f44b3e,APPROVED,Not Applicable,2025-07-30T02:42:09Z,2025-07-30T02:49:16Z,2025-07-30T02:49:17Z,2025-07-30T02:49:17Z,427,C18GSJ0Y,778,English,54,Female,White,United States,United States,United States,English,DATA_EXPIRED,DATA_EXPIRED
1,68898945ec8dc9e5ff8618bf,60ca846ffad77e5b1fee110a,APPROVED,Not Applicable,2025-07-30T02:54:03Z,2025-07-30T03:03:35Z,2025-07-30T03:03:38Z,2025-07-30T03:03:35Z,572,C18GSJ0Y,3793,English,27,Male,Black,United States,United States,Jamaica,English,DATA_EXPIRED,DATA_EXPIRED
1,68898c7de380e0fa864d774d,639b9ab341f4429b1b3c06a2,APPROVED,Not Applicable,2025-07-30T03:07:45Z,2025-07-30T03:15:24Z,2025-07-30T03:15:24Z,2025-07-30T03:15:24Z,459,C18GSJ0Y,6745,English,57,Male,White,United States,United States,United States,English,DATA_EXPIRED,DATA_EXPIRED
1,688993e253bb8e7dd533a2de,604d8f415e948938fd60b536,APPROVED,Not Applicable,2025-07-30T03:39:17Z,2025-07-30T03:44:45Z,2025-07-30T03:44:49Z,2025-07-30T03:44:46Z,329,C18GSJ0Y,5141,English,44,Female,White,United States,United States,United States,English,DATA_EXPIRED,DATA_EXPIRED
1,688998c66af5eea62a0f01f4,66ab2c0196e62d0107412f24,APPROVED,Not Applicable,2025-07-30T04:00:10Z,2025-07-30T04:04:06Z,2025-07-31T04:34:18Z,2025-07-30T04:04:07Z,237,C18GSJ0Y,215,English,20,Male,White,United States,United States,United States,English,Yes,DATA_EXPIRED
1,688999b6c10d744d179c6dae,616d9ef881036dfbfd63d2f4,APPROVED,Not Applicable,2025-07-30T04:04:10Z,2025-07-30T04:16:34Z,2025-07-30T04:16:35Z,2025-07-30T04:16:34Z,744,C18GSJ0Y,7399,English,36,Male,White,United States,United States,United States,DATA_EXPIRED,DATA_EXPIRED,DATA_EXPIRED
1,68899ca4244c18ef4cd6bf82,641e62a8191451d08e6c08f7,APPROVED,Not Applicable,2025-07-30T04:16:36Z,2025-07-30T04:27:42Z,2025-07-30T04:27:44Z,2025-07-30T04:27:42Z,667,C18GSJ0Y,2128,English,39,Male,White,United States,United States,United States,English,DATA_EXPIRED,DATA_EXPIRED
1,68899f3e8cabcc0b864cef7b,61292a3404d387db5b0b2a32,APPROVED,Not Applicable,2025-07-30T04:27:42Z,2025-07-30T04:35:40Z,2025-07-30T04:35:42Z,2025-07-30T04:35:40Z,478,C18GSJ0Y,3000,English,33,Male,White,United States,United States,United States,English,No,Full-Time
1,6889a11c8b9e88ebfadf37c0,616f727b03e888e0f8213eec,APPROVED,Not Applicable,2025-07-30T04:35:40Z,2025-07-30T04:46:56Z,2025-07-30T04:47:00Z,2025-07-30T04:46:57Z,677,C18GSJ0Y,3330,English,33,Male,White,United States,United States,United States,English,DATA_EXPIRED,DATA_EXPIRED
1,6889a3c82d61d99a5fe09253,66bf6ab25d76db9c95e01458,APPROVED,Not Applicable,2025-07-30T04:47:13Z,2025-07-30T04:52:41Z,2025-07-30T04:52:42Z,2025-07-30T04:52:41Z,328,C18GSJ0Y,1416,English,27,Male,White,United States,United States,United States,English,No,DATA_EXPIRED
1,6889a51b92e480591e94847c,663a7af013938e6bbfb065d5,APPROVED,Not Applicable,2025-07-30T04:53:02Z,2025-07-30T05:11:31Z,2025-07-30T05:11:32Z,2025-07-30T05:11:32Z,1110,C18GSJ0Y,2942,English,35,Male,White,United States,United States,United States,English,DATA_EXPIRED,DATA_EXPIRED
1,6889a983d7e7a100277f3cfe,67294473dbb580a0ca93f60f,APPROVED,Not Applicable,2025-07-30T05:11:31Z,2025-07-30T05:48:10Z,2025-07-30T05:48:12Z,2025-07-30T05:48:10Z,2199,C18GSJ0Y,1408,"English, Spanish, Italian, Hindi",40,Female,White,United States,United States,United States,English,No,Full-Time
1,6889b21a6ea84965d1468995,67ef2daa61fea4816e6e8793,APPROVED,Not Applicable,2025-07-30T05:48:10Z,2025-07-30T06:01:36Z,2025-07-30T06:01:39Z,2025-07-30T06:01:37Z,807,C18GSJ0Y,245,"English, Korean, Portuguese",49,Male,White,United States,United States,United States,English,No,Full-Time
1,6889b54043a77b9f2d4a92cd,67f2ecf2ef369d872787cfb8,APPROVED,Not Applicable,2025-07-30T06:01:36Z,2025-07-30T06:19:23Z,2025-07-30T06:19:23Z,2025-07-30T06:19:23Z,1067,C18GSJ0Y,278,"English, Spanish",25,Male,Other,United States,United States,United States,English,Yes,Full-Time
1,6889b96b5f4e98fa14946b46,67e1eeefc9703e2ae5e5c0b0,APPROVED,Not Applicable,2025-07-30T06:19:23Z,2025-07-30T06:28:49Z,2025-07-30T06:28:51Z,2025-07-30T06:28:49Z,566,C18GSJ0Y,254,English,36,Male,White,United States,United States,United States,English,No,Full-Time
1,6889bba1a5500293bca4b81e,63e5b3e89a3823139cb9d35e,APPROVED,Not Applicable,2025-07-30T06:28:49Z,2025-07-30T06:40:02Z,2025-07-30T06:40:04Z,2025-07-30T06:40:02Z,673,C18GSJ0Y,1786,English,34,Male,White,United States,United States,United States,English,No,Full-Time
1,6889be42bc9659a7f6819a7e,6100372e3a116cb5cb36ebea,APPROVED,Not Applicable,2025-07-30T06:40:02Z,2025-07-30T06:48:14Z,2025-07-30T06:48:17Z,2025-07-30T06:48:15Z,493,C18GSJ0Y,2217,English,80,Male,White,United States,United States,United States,English,DATA_EXPIRED,DATA_EXPIRED
1,6889c02f063863804dd1a52d,650ba6f4f5af6b9824bc5a5a,APPROVED,Not Applicable,2025-07-30T06:48:15Z,2025-07-30T06:55:22Z,2025-07-30T06:55:25Z,2025-07-30T06:55:23Z,428,C18GSJ0Y,1493,English,48,Male,White,United States,United States,United States,English,DATA_EXPIRED,DATA_EXPIRED
1,6889c1db5772b9f83772e704,650ee274aa4447ac435b7830,APPROVED,Not Applicable,2025-07-30T06:55:23Z,2025-07-30T07:10:10Z,2025-07-30T07:10:11Z,2025-07-30T07:10:11Z,888,C18GSJ0Y,4287,English,24,Male,White,United States,United States,United States,English,Yes,Unemployed (and job seeking)
1,6889c5597ce8e11bc2420726,5d350282cec7150015d16494,APPROVED,Not Applicable,2025-07-30T07:11:00Z,2025-07-30T07:15:43Z,2025-07-31T04:34:18Z,2025-07-30T07:15:44Z,284,C18GSJ0Y,2083,English,40,Male,White,United States,United States,United States,English,No,Full-Time
1,6889c6acdbb418d4c9bd6d29,66ff640a56541edb84433523,APPROVED,Not Applicable,2025-07-30T07:16:04Z,2025-07-30T07:24:12Z,2025-07-30T07:24:15Z,2025-07-30T07:24:13Z,488,C18GSJ0Y,112,English,42,Female,Black,United States,United States,United States,English,DATA_EXPIRED,DATA_EXPIRED
1,6889c8a08f0a691ae230127f,631c8e97db06f601f81bd82f,APPROVED,Not Applicable,2025-07-30T07:24:19Z,2025-07-30T07:31:28Z,2025-07-30T07:31:31Z,2025-07-30T07:31:28Z,430,C18GSJ0Y,11185,"English, Arabic",28,Male,White,United States,United States,United States,English,No,Full-Time
1,6889ca53b12f1a7f7f2e8fa8,67d0c73d781bc022a088d11f,APPROVED,Not Applicable,2025-07-30T07:31:44Z,2025-07-30T07:45:15Z,2025-07-30T07:45:17Z,2025-07-30T07:45:15Z,812,C18GSJ0Y,1569,English,45,Female,Black,United States,United States,United States,English,No,Full-Time
1,6889cd8cf705510fc9c69141,67dc27ebfaac943439d5e0b1,APPROVED,Not Applicable,2025-07-30T07:45:16Z,2025-07-30T08:22:31Z,2025-07-30T08:22:33Z,2025-07-30T08:22:31Z,2235,C18GSJ0Y,886,English,62,Female,Black,South Africa,United States,United States,English,No,Full-Time
1,6889d64e1afed15cd4ee6e3c,67837959a1ccc1627479fb36,APPROVED,Not Applicable,2025-07-30T08:22:41Z,2025-07-30T08:30:16Z,2025-07-30T08:30:17Z,2025-07-30T08:30:17Z,455,C18GSJ0Y,1198,"Albanian, English, Spanish",19,Female,White,United States,United States,United States,English,DATA_EXPIRED,DATA_EXPIRED
1,6889d81f3b00ab16c44a7126,67f2cc226edbc1557a94e6ca,APPROVED,Not Applicable,2025-07-30T08:30:32Z,2025-07-30T08:48:30Z,2025-07-30T08:48:31Z,2025-07-30T08:48:30Z,1078,C18GSJ0Y,1399,"English, French, Spanish",32,Female,White,United States,United States,United States,English,No,Part-Time
1,6889dc68693a7dfd9cb59da3,5b87dd09019cf60001a115b3,APPROVED,Not Applicable,2025-07-30T08:51:56Z,2025-07-30T09:02:42Z,2025-07-30T09:02:44Z,2025-07-30T09:02:42Z,646,C18GSJ0Y,5059,English,30,Male,White,United States,United States,United States,English,Yes,Full-Time
1,6889dfb388840cb500d020e9,67d8337ef002686f1e7871f1,RETURNED,Not Applicable,2025-07-30T09:02:43Z,NA,NA,2025-08-06T22:48:24Z,NA,NA,183,CONSENT_REVOKED,CONSENT_REVOKED,CONSENT_REVOKED,CONSENT_REVOKED,CONSENT_REVOKED,CONSENT_REVOKED,CONSENT_REVOKED,CONSENT_REVOKED,CONSENT_REVOKED,CONSENT_REVOKED
1,6889e0620552a354a121a8fc,67178054a368314e6afa5ed4,APPROVED,Not Applicable,2025-07-30T09:05:42Z,2025-07-30T09:10:51Z,2025-07-30T09:10:55Z,2025-07-30T09:10:52Z,309,C18GSJ0Y,2395,English,38,Male,White,United States,United States,United States,English,No,Full-Time
1,6889e1a5bbf3e79babf5a91e,56e967b74c71f00005d78743,APPROVED,Not Applicable,2025-07-30T09:11:07Z,2025-07-30T09:18:43Z,2025-07-30T09:18:43Z,2025-07-30T09:18:43Z,456,C18GSJ0Y,791,English,45,Female,White,United States,United States,United States,English,Yes,Full-Time
1,6889e377dbdf319ae166b583,66a7a55b09c40fcb076a1ffb,APPROVED,Not Applicable,2025-07-30T09:21:32Z,2025-07-30T09:30:16Z,2025-07-30T09:30:18Z,2025-07-30T09:30:16Z,524,C18GSJ0Y,555,English,26,Male,White,United States,United States,United States,English,No,Full-Time
1,6889e63300b29bb26b5ba7a5,673e5a3412198a5e62837745,APPROVED,Not Applicable,2025-07-30T09:32:08Z,2025-07-30T09:39:36Z,2025-07-30T09:39:38Z,2025-07-30T09:39:36Z,448,C18GSJ0Y,1064,English,33,Male,White,United States,United States,United States,English,DATA_EXPIRED,DATA_EXPIRED
1,6889e85943d123217003bbaa,66f08a7ef32da0b8eca514a0,RETURNED,Not Applicable,2025-07-30T09:39:45Z,NA,NA,2025-08-06T22:48:24Z,NA,NA,2066,CONSENT_REVOKED,CONSENT_REVOKED,CONSENT_REVOKED,CONSENT_REVOKED,CONSENT_REVOKED,CONSENT_REVOKED,CONSENT_REVOKED,CONSENT_REVOKED,CONSENT_REVOKED,CONSENT_REVOKED
1,6889efeead2788738a977797,67cb68dd16c001bfb9316992,APPROVED,Not Applicable,2025-07-30T10:11:58Z,2025-07-30T10:27:23Z,2025-07-30T10:27:24Z,2025-07-30T10:27:24Z,925,C18GSJ0Y,798,English,31,Male,White,United States,United States,United States,English,DATA_EXPIRED,Full-Time
1,6889f38f3619d8fa7846efae,67e559f700736140ccbf207b,APPROVED,Not Applicable,2025-07-30T10:28:50Z,2025-07-30T10:41:43Z,2025-07-30T10:41:45Z,2025-07-30T10:41:43Z,773,C18GSJ0Y,397,English,37,DATA_EXPIRED,DATA_EXPIRED,United States,United States,United States,English,No,Full-Time
1,6889f6ee5eb5ee3a8fae1038,67f8607be129189cd9ea4c0a,APPROVED,Not Applicable,2025-07-30T10:42:10Z,2025-07-30T11:02:13Z,2025-07-30T11:02:15Z,2025-07-30T11:02:14Z,1203,C18GSJ0Y,675,English,29,Male,White,United States,United States,United States,English,No,Full-Time
1,6889fbbe07a1ac48948811be,67f67d04686f4f467e3a6c76,APPROVED,Not Applicable,2025-07-30T11:02:30Z,2025-07-30T11:10:06Z,2025-07-30T11:10:07Z,2025-07-30T11:10:07Z,456,C18GSJ0Y,867,"English, French, Spanish",51,Male,White,United States,United States,United States,English,DATA_EXPIRED,Full-Time
1,6889fd8f5617e72aaa6336c8,66df1a0ecaeaa481c05c1060,APPROVED,Not Applicable,2025-07-30T11:10:07Z,2025-07-30T11:23:19Z,2025-07-30T11:23:20Z,2025-07-30T11:23:20Z,793,C18GSJ0Y,1695,English,35,Male,Black,United States,United States,United States,English,DATA_EXPIRED,Full-Time
1,688a00af13420cb156f2407d,67f224dfcaaa213111714560,APPROVED,Not Applicable,2025-07-30T11:23:31Z,2025-07-30T11:29:43Z,2025-07-30T11:29:44Z,2025-07-30T11:29:43Z,372,C18GSJ0Y,1659,English,33,Male,White,United States,United States,United States,English,Yes,"Not in paid work (e.g. homemaker', 'retired or disabled)"
1,688a022b1c7b59d25d394fd5,677f08ec6e5c69e32cf8e4a2,APPROVED,Not Applicable,2025-07-30T11:30:06Z,2025-07-30T11:35:21Z,2025-07-30T11:35:23Z,2025-07-30T11:35:22Z,316,C18GSJ0Y,1336,English,60,Male,White,United States,United States,United States,English,No,"Not in paid work (e.g. homemaker', 'retired or disabled)"
1,688a037a5ea80e806d1220f1,680bf9db627b9fac31d2efdc,APPROVED,Not Applicable,2025-07-30T11:35:22Z,2025-07-30T12:06:04Z,2025-07-30T12:06:05Z,2025-07-30T12:06:05Z,1843,C18GSJ0Y,611,English,70,Male,White,United States,United States,United States,English,DATA_EXPIRED,Full-Time
1,688a0ab3f4d553b7608f6c5f,5e532bad158f1d33b3473072,RETURNED,Not Applicable,2025-07-30T12:06:15Z,NA,NA,2025-08-06T22:48:24Z,NA,NA,5109,CONSENT_REVOKED,CONSENT_REVOKED,CONSENT_REVOKED,CONSENT_REVOKED,CONSENT_REVOKED,CONSENT_REVOKED,CONSENT_REVOKED,CONSENT_REVOKED,CONSENT_REVOKED,CONSENT_REVOKED
1,688a0b33bd6861402146d466,6737e90a9048106a0d79777a,APPROVED,Not Applicable,2025-07-30T12:08:29Z,2025-07-30T12:28:45Z,2025-07-30T12:28:55Z,2025-07-30T12:28:46Z,1217,C18GSJ0Y,1929,English,25,Male,Black,United States,United States,United States,English,DATA_EXPIRED,DATA_EXPIRED
1,688a10033fa9e7e4730ffc5f,5a5bff49acc75b00017a6009,APPROVED,Not Applicable,2025-07-30T12:29:18Z,2025-07-30T12:49:49Z,2025-07-30T12:49:49Z,2025-07-30T12:49:49Z,1231,C18GSJ0Y,1569,"English, Spanish",39,Male,White,United States,United States,United States,English,DATA_EXPIRED,DATA_EXPIRED
1,688a14f2d14c722e8986bb15,675a2864cf3d9d870639c42b,APPROVED,Not Applicable,2025-07-30T12:50:03Z,2025-07-30T12:57:58Z,2025-07-30T12:58:03Z,2025-07-30T12:57:59Z,476,C18GSJ0Y,1719,English,25,Male,White,United States,United States,United States,English,No,Full-Time
1,688a16ded4ea1ecad36ac758,66ae5ea80e7d6cb1df435da0,APPROVED,Not Applicable,2025-07-30T12:58:11Z,2025-07-30T13:25:25Z,2025-07-30T13:25:26Z,2025-07-30T13:25:25Z,1634,C18GSJ0Y,1191,"French, English, German",49,Male,White,United States,United States,United States,English,No,Full-Time
1,688a1d45c2761f72654a15a0,5dd48444dd9a7447d224cc71,APPROVED,Not Applicable,2025-07-30T13:25:25Z,2025-07-30T13:43:51Z,2025-07-30T13:43:53Z,2025-07-30T13:43:51Z,1106,C18GSJ0Y,3720,English,27,Male,White,United States,United States,United States,English,DATA_EXPIRED,DATA_EXPIRED
1,688a21975b226918d950dfe0,56b0ac5fe8b677000cdc0a34,APPROVED,Not Applicable,2025-07-30T13:43:51Z,2025-07-30T13:49:37Z,2025-07-30T13:49:38Z,2025-07-30T13:49:38Z,347,C18GSJ0Y,4903,English,47,Female,White,United States,United States,United States,English,DATA_EXPIRED,DATA_EXPIRED
1,688a22f6715ec9f3d9c816f1,671bdd06525adeea062a1d73,APPROVED,Not Applicable,2025-07-30T13:49:47Z,2025-07-30T13:53:40Z,2025-07-31T04:34:18Z,2025-07-30T13:53:41Z,233,C18GSJ0Y,2285,"English, Malay",28,Male,Asian,United States,United States,India,English,Yes,Part-Time
1,688a23ecce3c5674fdcc3e0c,66e7853b4e311a12f93b5411,APPROVED,Not Applicable,2025-07-30T13:53:53Z,2025-07-30T13:59:30Z,2025-07-30T13:59:33Z,2025-07-30T13:59:31Z,338,C18GSJ0Y,2923,English,57,Female,White,United States,United States,United States,English,No,Full-Time
1,688a254679b837baccbe0066,671d7a754bafa85dac6e0683,APPROVED,Not Applicable,2025-07-30T13:59:43Z,2025-07-30T14:04:12Z,2025-07-31T04:34:18Z,2025-07-30T14:04:12Z,270,C18GSJ0Y,1294,English,21,Female,White,United States,United States,United States,English,No,Part-Time
1,688a265fa5643b118ba84a68,651c2cc23704dc10500ae77c,APPROVED,Not Applicable,2025-07-30T14:04:24Z,2025-07-30T14:11:16Z,2025-07-30T14:11:17Z,2025-07-30T14:11:17Z,413,C18GSJ0Y,3215,English,71,Female,White,United States,United States,United States,English,DATA_EXPIRED,DATA_EXPIRED
1,688a280db98dea87e0fd62a9,682cee61cd9e83aea7e3df3b,APPROVED,Not Applicable,2025-07-30T14:11:31Z,2025-07-30T14:30:22Z,2025-07-30T14:30:25Z,2025-07-30T14:30:23Z,1132,C18GSJ0Y,1414,English,35,Male,White,United States,United States,United States,English,No,Full-Time
1,688a2c86d7ee8b4304472dcd,67a8180879799b283e4ae296,APPROVED,Not Applicable,2025-07-30T14:30:33Z,2025-07-30T14:39:09Z,2025-07-30T14:39:10Z,2025-07-30T14:39:09Z,516,C18GSJ0Y,1018,English,56,Female,Black,United States,United States,United States,English,No,Part-Time
1,688a2e94b2380e1534bab4d5,5cb5e6927a92c500015c0de1,APPROVED,Not Applicable,2025-07-30T14:39:20Z,2025-07-30T14:45:04Z,2025-07-30T14:45:05Z,2025-07-30T14:45:05Z,344,C18GSJ0Y,4733,English,44,Female,White,United States,United States,Norway,English,Yes,DATA_EXPIRED
1,688a2ff18e81ac02e8eb3cf1,66b76f8175094b4e3a7ad563,APPROVED,Not Applicable,2025-07-30T14:45:05Z,2025-07-30T14:52:05Z,2025-07-30T14:52:06Z,2025-07-30T14:52:05Z,420,C18GSJ0Y,932,English,36,Male,White,United States,United States,United States,English,No,Full-Time
1,688a319cb460db41a4604df2,65e74f3dd1cf1c6869f7af37,APPROVED,Not Applicable,2025-07-30T14:52:17Z,2025-07-30T15:03:37Z,2025-07-30T15:03:38Z,2025-07-30T15:03:38Z,681,C18GSJ0Y,3290,English,33,Female,Black,United States,United States,United States,English,Yes,Full-Time
1,688a344ee15972be1e07a5d0,66587c4637981e408edaf59a,APPROVED,Not Applicable,2025-07-30T15:03:46Z,2025-07-30T15:08:01Z,2025-07-31T04:34:19Z,2025-07-30T15:08:02Z,256,C18GSJ0Y,2037,English,34,Female,White,United States,United States,United States,English,No,Full-Time
1,688a355a21195c9b77756ffa,66ecc08c3776b48ca41138ac,APPROVED,Not Applicable,2025-07-30T15:11:36Z,2025-07-30T15:17:03Z,2025-07-30T15:17:05Z,2025-07-30T15:17:03Z,327,C18GSJ0Y,1566,English,46,Female,White,United States,United States,United States,DATA_EXPIRED,DATA_EXPIRED,DATA_EXPIRED
1,688a3776866b0a2e03b319de,671d1dcbc6f5d2e81501e24a,APPROVED,Not Applicable,2025-07-30T15:17:14Z,2025-07-30T15:20:33Z,2025-07-31T04:34:19Z,2025-07-30T15:20:33Z,199,C18GSJ0Y,1803,English,26,Male,White,United States,United States,United States,English,Yes,Full-Time
1,688a38416290b6bbb1f0e083,67dda00e83d591e9a6123c5f,APPROVED,Not Applicable,2025-07-30T15:20:33Z,2025-07-30T15:42:48Z,2025-07-30T15:42:48Z,2025-07-30T15:42:48Z,1335,C18GSJ0Y,614,"English, Spanish",32,Male,Other,United States,United States,United States,English,Yes,Full-Time
1,688a3d788674ef9c848fcef8,677bdabbdcaf99b4cd8c86a5,APPROVED,Not Applicable,2025-07-30T15:42:48Z,2025-07-30T16:14:58Z,2025-07-30T16:14:58Z,2025-07-30T16:14:58Z,1931,C18GSJ0Y,625,English,26,Female,White,United States,United States,United States,English,No,Full-Time
1,688a45031dac2bcf1d9dc0a5,672451c5f4e558e08242d746,APPROVED,Not Applicable,2025-07-30T16:14:59Z,2025-07-30T16:44:42Z,2025-07-30T16:44:42Z,2025-07-30T16:44:42Z,1784,C18GSJ0Y,994,English,29,Male,Black,United States,United States,United States,English,No,Full-Time
1,688a4c00a63ab182c704e92a,573753f212d1d80007355ff6,APPROVED,Not Applicable,2025-07-30T16:44:55Z,2025-07-30T16:50:53Z,2025-07-30T16:50:53Z,2025-07-30T16:50:53Z,358,C18GSJ0Y,3012,English,47,Male,White,United States,United States,United States,English,No,Full-Time
1,688a4d7390f8e8708fb92aa3,67eb05609784671d4a2cf76c,APPROVED,Not Applicable,2025-07-30T16:51:49Z,2025-07-30T17:10:04Z,2025-07-30T17:10:06Z,2025-07-30T17:10:04Z,1096,C18GSJ0Y,721,English,32,Female,White,United States,United States,United States,English,No,Full-Time
1,688a51ec2946b7fb382eda28,67e85abca44b52f2e03fcbb1,APPROVED,Not Applicable,2025-07-30T17:12:26Z,2025-07-30T17:34:18Z,2025-07-30T17:34:19Z,2025-07-30T17:34:19Z,1313,C18GSJ0Y,357,English,47,Male,Black,United States,United States,United States,English,No,Full-Time
1,688a579bdbdc80c66511e742,67574d2fa6c77a56709e95a8,APPROVED,Not Applicable,2025-07-30T17:34:19Z,2025-07-30T18:06:06Z,2025-07-30T18:06:09Z,2025-07-30T18:06:06Z,1907,C18GSJ0Y,700,English,38,Male,White,United States,United States,United States,English,DATA_EXPIRED,DATA_EXPIRED
1,688a5f0fa484a2831611c87b,673cbbb6e625ce8a7e323089,APPROVED,Not Applicable,2025-07-30T18:06:07Z,2025-07-30T18:28:57Z,2025-07-30T18:28:58Z,2025-07-30T18:28:58Z,1371,C18GSJ0Y,779,English,49,Male,White,United States,United States,United States,English,DATA_EXPIRED,DATA_EXPIRED
1,688a646ee29860442584e8c9,673ead8d8389b11c02a060e9,APPROVED,Not Applicable,2025-07-30T18:29:07Z,2025-07-30T18:33:35Z,2025-07-31T04:34:19Z,2025-07-30T18:33:35Z,268,C18GSJ0Y,1685,"English, Japanese",26,Male,Asian,United States,United States,United States,Japanese,DATA_EXPIRED,DATA_EXPIRED
1,688a6581694a767fb4f00030,67ed8a9ef13251ff7c8b66a8,APPROVED,Not Applicable,2025-07-30T18:34:29Z,2025-07-30T18:52:21Z,2025-07-30T18:52:24Z,2025-07-30T18:52:22Z,1073,C18GSJ0Y,694,English,18,Female,White,United States,United States,United States,Scots,DATA_EXPIRED,Full-Time
1,688a69ebc44d303d17f302ec,67cfeddb9f4b04d789ca82bd,APPROVED,Not Applicable,2025-07-30T18:52:27Z,2025-07-30T19:12:05Z,2025-07-30T19:12:06Z,2025-07-30T19:12:06Z,1178,C18GSJ0Y,312,English,28,Male,White,United States,United States,United States,English,No,Full-Time
1,688a6e862c44fe9b411b7e41,6722b6b9cb69415ce7f4c688,APPROVED,Not Applicable,2025-07-30T19:12:06Z,2025-07-30T19:42:19Z,2025-07-30T19:42:23Z,2025-07-30T19:42:19Z,1813,C18GSJ0Y,1254,"English, Hindi, Italian, Spanish",42,Male,White,Spain,United States,United States,Spanish,No,Full-Time
1,688a759be077f60f9bf20551,67e065974c85fbeb5f9f43be,APPROVED,Not Applicable,2025-07-30T19:42:19Z,2025-07-30T20:00:00Z,2025-07-30T20:00:10Z,2025-07-30T20:00:06Z,1061,C18GSJ0Y,748,English,35,Male,White,United States,United States,United States,English,Yes,Full-Time
1,688a79c7ac178b1bd75c5186,60fdd5214fe9e80b975361bd,APPROVED,Not Applicable,2025-07-30T20:00:09Z,2025-07-30T20:04:40Z,2025-07-31T04:34:19Z,2025-07-30T20:04:40Z,271,C18GSJ0Y,542,English,35,Male,Mixed,United States,United States,United States,English,DATA_EXPIRED,DATA_EXPIRED
1,688a7ad89dd2b70b91009576,604bd44cb5668ba12cc9376e,APPROVED,Not Applicable,2025-07-30T20:04:53Z,2025-07-30T20:14:01Z,2025-07-30T20:14:02Z,2025-07-30T20:14:02Z,548,C18GSJ0Y,7280,English,76,Female,White,United States,United States,United States,English,No,Full-Time
1,688a7d0acf25297ed9d03481,5dc3552003f8562725a1b956,APPROVED,Not Applicable,2025-07-30T20:14:02Z,2025-07-30T20:31:25Z,2025-07-30T20:31:28Z,2025-07-30T20:31:25Z,1043,C18GSJ0Y,4799,English,37,Male,White,United States,United States,United States,English,DATA_EXPIRED,DATA_EXPIRED
1,688a8122426b1c301d93fc20,67f9b647dcd4755a0f10984c,APPROVED,Not Applicable,2025-07-30T20:31:34Z,2025-07-30T20:35:34Z,2025-07-31T04:34:20Z,2025-07-30T20:35:35Z,241,C18GSJ0Y,806,English,51,Female,White,United States,United States,United States,English,No,Part-Time
1,688a82175ea1ac2e8ccf3203,670d8b142f87173ffe3b4763,APPROVED,Not Applicable,2025-07-30T20:40:53Z,2025-07-30T21:19:31Z,2025-07-30T21:19:32Z,2025-07-30T21:19:32Z,2318,C18GSJ0Y,1395,English,37,Male,Black,United States,United States,United States,English,DATA_EXPIRED,DATA_EXPIRED
1,688a8c69b819a265f0c428d7,654f89366d18132f256b529d,APPROVED,Not Applicable,2025-07-30T21:19:40Z,2025-07-30T21:28:18Z,2025-07-30T21:28:20Z,2025-07-30T21:28:19Z,519,C18GSJ0Y,1519,English,35,Female,White,United States,United States,United States,English,No,Full-Time
1,688a8e78f8314a59bc108389,5753046ba6deb50006d64b0f,APPROVED,Not Applicable,2025-07-30T21:29:27Z,2025-07-30T21:35:26Z,2025-07-30T21:35:26Z,2025-07-30T21:35:26Z,360,C18GSJ0Y,3153,English,58,Male,White,United States,United States,United States,English,No,Part-Time
1,688a901e1e31cce3debc6761,662942069e781c3f1a1355c4,APPROVED,Not Applicable,2025-07-30T21:35:26Z,2025-07-30T21:41:43Z,2025-07-30T21:41:43Z,2025-07-30T21:41:43Z,377,C18GSJ0Y,2822,English,50,Male,White,United States,United States,United States,English,DATA_EXPIRED,DATA_EXPIRED
1,688a919bcce125f8358ab339,6675d8be57dcb7f1e395c6e3,APPROVED,Not Applicable,2025-07-30T21:41:51Z,2025-07-30T21:47:24Z,2025-07-30T21:47:24Z,2025-07-30T21:47:24Z,333,C18GSJ0Y,564,"English, Farsi",25,Female,Mixed,United States,United States,United States,English,Yes,Part-Time
1,688a92f2698b75de1500e616,55ec49b67480920010aaa4e8,APPROVED,Not Applicable,2025-07-30T21:47:54Z,2025-07-30T21:51:45Z,2025-07-31T04:34:20Z,2025-07-30T21:51:45Z,231,C18GSJ0Y,2576,English,35,Female,Asian,United States,United States,United States,English,DATA_EXPIRED,DATA_EXPIRED
1,688a93f23f7eeb09fe7cafdb,6824938830c974d9f6915e3c,APPROVED,Not Applicable,2025-07-30T21:51:46Z,2025-07-30T22:05:24Z,2025-07-30T22:05:26Z,2025-07-30T22:05:24Z,818,C18GSJ0Y,219,English,31,Male,White,United States,United States,United States,English,No,Full-Time
1,688a972501c1115c60bddf41,66940332d70583ebe9a33c05,APPROVED,Not Applicable,2025-07-30T22:05:25Z,2025-07-30T22:18:37Z,2025-07-30T22:18:40Z,2025-07-30T22:18:38Z,793,C18GSJ0Y,2781,English,19,Male,White,United States,United States,United States,English,Yes,Part-Time
1,688a9a4280addc8486c7d970,6669d0b650f615804a4d534f,APPROVED,Not Applicable,2025-07-30T22:18:45Z,2025-07-30T22:22:59Z,2025-07-31T04:34:21Z,2025-07-30T22:22:59Z,255,C18GSJ0Y,1240,English,37,Male,Asian,United States,United States,United States,English,No,Full-Time
1,688a9b44f2982193020e0723,6642690a93cc7510324fc235,APPROVED,Not Applicable,2025-07-30T22:23:24Z,2025-07-30T22:29:57Z,2025-07-30T22:29:58Z,2025-07-30T22:29:58Z,394,C18GSJ0Y,211,English,40,Female,White,United States,United States,United States,English,No,Part-Time
1,688a9ce86207a984859606b4,679ff314e2068250f20a0863,APPROVED,Not Applicable,2025-07-30T22:30:00Z,2025-07-30T22:46:46Z,2025-07-30T22:46:46Z,2025-07-30T22:46:46Z,1006,C18GSJ0Y,1433,English,53,Female,Black,United States,United States,United States,English,No,Unemployed (and job seeking)
1,688aa0d7f7d7fc872ba81920,64045393fa09ada78f0b5301,RETURNED,Not Applicable,2025-07-30T22:46:47Z,NA,NA,2025-08-06T22:48:24Z,NA,NA,5273,CONSENT_REVOKED,CONSENT_REVOKED,CONSENT_REVOKED,CONSENT_REVOKED,CONSENT_REVOKED,CONSENT_REVOKED,CONSENT_REVOKED,CONSENT_REVOKED,CONSENT_REVOKED,CONSENT_REVOKED
1,688aa8fd81cc3a60a0c9a6e0,65e00891e4c0c8cad9c1583a,APPROVED,Not Applicable,2025-07-30T23:21:38Z,2025-07-30T23:32:10Z,2025-07-30T23:32:10Z,2025-07-30T23:32:10Z,632,C18GSJ0Y,2710,English,27,Male,White,United States,United States,United States,English,DATA_EXPIRED,DATA_EXPIRED
1,688aab7b500199a6dc52a46e,65e5ec7c5cc8e775d79139b5,APPROVED,Not Applicable,2025-07-30T23:32:11Z,2025-07-30T23:39:48Z,2025-07-30T23:39:49Z,2025-07-30T23:39:49Z,458,C18GSJ0Y,2511,English,48,Female,White,United States,United States,United States,English,DATA_EXPIRED,DATA_EXPIRED
1,688aad4884b5b5e216ee884a,66f47421b650b6c39e80fa0d,APPROVED,Not Applicable,2025-07-30T23:39:57Z,2025-07-30T23:45:53Z,2025-07-30T23:45:55Z,2025-07-30T23:45:53Z,356,C18GSJ0Y,3501,English,37,Female,White,United States,United States,United States,English,No,Full-Time
1,688aaeb3d5a12624047ec24e,66187caf2a94f9051c85c431,APPROVED,Not Applicable,2025-07-30T23:45:55Z,2025-07-31T00:00:41Z,2025-07-31T00:04:09Z,2025-07-31T00:00:45Z,887,C18GSJ0Y,1538,English,35,Male,White,United States,United States,United States,English,No,Full-Time
2,689b8d5bdcb97a885e6cb0e6,6792b64b06ab0ed6eda4a101,APPROVED,Not Applicable,2025-08-12T18:52:15Z,2025-08-12T18:57:10Z,2025-08-13T04:05:57Z,2025-08-12T18:57:11Z,296,CM8R3288,518,English,23,Female,White,United States,United States,United States,English,DATA_EXPIRED,DATA_EXPIRED
2,689b90ea3f2655a1474ba7f1,608437f0b139060610c9f0c1,APPROVED,Not Applicable,2025-08-12T19:07:42Z,2025-08-12T19:12:35Z,2025-08-13T04:05:57Z,2025-08-12T19:12:36Z,294,CM8R3288,6251,English,83,Female,White,United States,United States,United States,English,DATA_EXPIRED,DATA_EXPIRED
2,689b922df403b09b2cf7b007,63f6ac6d4ce41fa2a87ea79b,APPROVED,Not Applicable,2025-08-12T19:12:51Z,2025-08-12T19:16:36Z,2025-08-13T04:05:57Z,2025-08-12T19:16:37Z,226,CM8R3288,961,English,52,Female,White,United States,United States,United States,English,No,Full-Time
2,689b953f46b208ac2c41e53f,55bd8669fdf99b5bfc7d4cfc,APPROVED,Not Applicable,2025-08-12T19:25:55Z,2025-08-12T19:33:47Z,2025-08-12T19:33:49Z,2025-08-12T19:33:49Z,473,CM8R3288,9676,English,31,Male,Black,United States,United States,United States,English,DATA_EXPIRED,DATA_EXPIRED
2,689b99892986b13de4ce1756,66a17211973d4b5f6f0a0b38,APPROVED,Not Applicable,2025-08-12T19:44:16Z,2025-08-12T19:53:07Z,2025-08-12T19:53:10Z,2025-08-12T19:53:07Z,531,CM8R3288,684,English,34,Male,Black,United States,United States,United States,English,Yes,Unemployed (and job seeking)
2,689b9c99bd248af036c936c4,655f97cd4f1c17ae262fd0fa,APPROVED,Not Applicable,2025-08-12T19:58:56Z,2025-08-12T20:04:51Z,2025-08-12T20:04:55Z,2025-08-12T20:04:52Z,356,CM8R3288,4361,"English, Other",31,Female,Black,United States,United States,United States,English,DATA_EXPIRED,DATA_EXPIRED
2,689b9fe28b30e5e966554976,5b3e2334cdb4ce0001d93c51,APPROVED,Not Applicable,2025-08-12T20:12:08Z,2025-08-12T20:17:50Z,2025-08-12T20:17:50Z,2025-08-12T20:17:50Z,342,CM8R3288,8079,English,37,Male,White,United States,United States,United States,English,DATA_EXPIRED,DATA_EXPIRED
2,689ba183a649ae6db34e0b10,6272b9dfc470a51d5fa0e6ea,APPROVED,Not Applicable,2025-08-12T20:25:15Z,2025-08-12T20:31:29Z,2025-08-12T20:31:31Z,2025-08-12T20:31:30Z,374,CM8R3288,6751,English,43,Male,Asian,Korea,United States,United States,English,DATA_EXPIRED,Full-Time
2,689ba4ab1fbaaddbef76908b,5c91fc9c183fb70012f3510a,APPROVED,Not Applicable,2025-08-12T20:31:46Z,2025-08-12T20:35:52Z,2025-08-13T04:05:58Z,2025-08-12T20:35:52Z,246,CM8R3288,6032,English,54,Male,White,United States,United States,United States,English,No,Unemployed (and job seeking)
2,689ba8feb5f739265fb91e72,60ccbffae161aadb1880ad6c,APPROVED,Not Applicable,2025-08-12T20:50:10Z,2025-08-12T20:57:13Z,2025-08-12T20:57:16Z,2025-08-12T20:57:13Z,423,CM8R3288,9955,English,36,Female,White,United States,United States,United States,English,No,Full-Time
2,689baabf522a65f9916902cf,63034df51d918e1e3b97e5ce,APPROVED,Not Applicable,2025-08-12T20:57:39Z,2025-08-12T21:04:25Z,2025-08-12T21:04:25Z,2025-08-12T21:04:25Z,406,CM8R3288,1658,English,23,Male,White,United States,United States,United States,English,DATA_EXPIRED,DATA_EXPIRED
2,689bacd6de6e5deafe2f9d7e,601e13b872774f263d64acac,APPROVED,Not Applicable,2025-08-12T21:06:33Z,2025-08-12T21:10:32Z,2025-08-13T04:05:58Z,2025-08-12T21:10:33Z,240,CM8R3288,5737,English,36,Male,White,United States,United States,United States,English,DATA_EXPIRED,DATA_EXPIRED
2,689badea93269c2a2d5061bc,60ca4cfb5c287146cad0695a,APPROVED,Not Applicable,2025-08-12T21:11:14Z,2025-08-12T21:17:42Z,2025-08-12T21:17:42Z,2025-08-12T21:17:42Z,388,CM8R3288,9822,English,41,Male,White,United States,United States,United States,English,No,Full-Time
2,689bb01cb1407741d29976eb,5f8cbc5c355ea745e6cef2ca,APPROVED,Not Applicable,2025-08-12T21:20:44Z,2025-08-12T21:24:29Z,2025-08-13T04:05:58Z,2025-08-12T21:24:30Z,226,CM8R3288,6986,"English, Spanish, French",41,Female,White,Mexico,United States,United States,Spanish,No,"Not in paid work (e.g. homemaker', 'retired or disabled)"
2,689bb3e54a8950ba1a69ff98,58d4c4c287b2420001263b6a,APPROVED,Not Applicable,2025-08-12T21:36:47Z,2025-08-12T21:42:43Z,2025-08-12T21:42:43Z,2025-08-12T21:42:43Z,357,CM8R3288,5137,English,58,Female,Mixed,United States,United States,United States,English,No,Other
2,689bb55ed54b4799570954af,66c09873c30bdebfa67284d8,APPROVED,Not Applicable,2025-08-12T21:43:00Z,2025-08-12T21:46:05Z,2025-08-13T04:05:58Z,2025-08-12T21:46:06Z,186,CM8R3288,813,"English, German",34,Female,White,United States,United States,United States,German,DATA_EXPIRED,Full-Time
2,689bb9bd6fac401e4f643232,66d4712f340d9f18e186d041,APPROVED,Not Applicable,2025-08-12T22:01:33Z,2025-08-12T22:06:04Z,2025-08-13T04:05:59Z,2025-08-12T22:06:04Z,271,CM8R3288,2599,English,47,Male,White,United States,United States,United States,English,Yes,Full-Time
2,689bbc88591e57990f44cb23,5b0b8252e9270900013ba88f,APPROVED,Not Applicable,2025-08-12T22:14:07Z,2025-08-12T22:22:36Z,2025-08-12T22:22:40Z,2025-08-12T22:22:37Z,510,CM8R3288,2427,English,55,Female,Mixed,United States,United States,United States,English,DATA_EXPIRED,DATA_EXPIRED
2,689bbf6a6c7df5ce7c9417f7,6143af8721d1445864c4f6c8,APPROVED,Not Applicable,2025-08-12T22:25:46Z,2025-08-12T22:30:06Z,2025-08-13T04:05:59Z,2025-08-12T22:30:06Z,260,CM8R3288,10242,English,53,Male,White,United States,United States,United States,English,No,Unemployed (and job seeking)
2,689bc0c26c971dc41a37158a,612039d9400fae9545b3c5a8,APPROVED,Not Applicable,2025-08-12T22:32:48Z,2025-08-12T22:36:50Z,2025-08-13T04:05:59Z,2025-08-12T22:36:50Z,242,CM8R3288,5530,"English, Spanish",34,Male,Other,United States,United States,United States,Spanish,No,Full-Time
2,689bc2a290fa909e31b4496f,5c22f28d70d93a0001201738,APPROVED,Not Applicable,2025-08-12T22:39:34Z,2025-08-12T22:49:21Z,2025-08-12T22:49:22Z,2025-08-12T22:49:22Z,588,CM8R3288,10220,English,60,Male,White,United States,United States,United States,English,DATA_EXPIRED,Full-Time
2,689bc4f9296d4fb873b49c4f,5bef41fa54277d000114d6ad,APPROVED,Not Applicable,2025-08-12T22:49:34Z,2025-08-12T22:58:00Z,2025-08-12T22:58:02Z,2025-08-12T22:58:01Z,507,CM8R3288,8902,"English, Spanish",29,Male,White,United States,United States,United States,English,DATA_EXPIRED,DATA_EXPIRED
2,689bc7a277bbf61cf396ccc4,5f16f559325a640008bb9a07,APPROVED,Not Applicable,2025-08-12T23:00:55Z,2025-08-12T23:20:15Z,2025-08-12T23:20:15Z,2025-08-12T23:20:15Z,1160,CM8R3288,13284,English,38,Male,White,United States,United States,United States,English,No,Full-Time
2,689bcc35c3d7bcc41d91b6b1,6692d2d89afd0ca6187bc086,APPROVED,Not Applicable,2025-08-12T23:20:27Z,2025-08-12T23:26:34Z,2025-08-12T23:26:34Z,2025-08-12T23:26:34Z,367,CM8R3288,928,English,43,Female,White,United States,United States,United States,English,No,"Not in paid work (e.g. homemaker', 'retired or disabled)"
2,689bcdadb4506c623154a450,67ee8226309b7b9917cd01ab,APPROVED,Not Applicable,2025-08-12T23:26:37Z,2025-08-12T23:50:53Z,2025-08-12T23:50:54Z,2025-08-12T23:50:53Z,1456,CM8R3288,226,English,31,Female,White,United States,United States,United States,English,No,Part-Time
2,689bd361670335d13ba4662b,66e83d294973e7627900cc1f,APPROVED,Not Applicable,2025-08-12T23:51:03Z,2025-08-12T23:54:25Z,2025-08-13T04:05:59Z,2025-08-12T23:54:25Z,203,CM8R3288,310,English,33,Male,White,United States,United States,United States,English,No,Full-Time
2,689bd437cb393723769b7a1b,6746319f1aea9020c91d4f4d,APPROVED,Not Applicable,2025-08-12T23:54:36Z,2025-08-13T00:01:59Z,2025-08-13T00:04:32Z,2025-08-13T00:02:00Z,444,CM8R3288,755,English,53,Male,White,United States,United States,United States,English,No,"Not in paid work (e.g. homemaker', 'retired or disabled)"
2,689bd5fa0878f0ee63220d4f,67eab317b6f969b3df440160,APPROVED,Not Applicable,2025-08-13T00:02:02Z,2025-08-13T00:15:04Z,2025-08-13T00:15:04Z,2025-08-13T00:15:04Z,782,CM8R3288,1894,English,37,Female,White,United States,United States,United States,English,No,Full-Time
2,689bd9087e397e12b61135fc,67ee6f72aa206db46d5e9d11,APPROVED,Not Applicable,2025-08-13T00:15:04Z,2025-08-13T00:31:25Z,2025-08-13T00:31:26Z,2025-08-13T00:31:26Z,981,CM8R3288,2267,English,33,Female,White,United States,United States,United States,English,Yes,Part-Time
2,689bdcdec39e0a003949b9a0,66f305037af69346a9a55b42,APPROVED,Not Applicable,2025-08-13T00:31:46Z,2025-08-13T00:35:49Z,2025-08-13T04:05:59Z,2025-08-13T00:35:49Z,243,CM8R3288,4131,English,33,Female,White,United States,United States,United States,English,No,DATA_EXPIRED
2,689bdded3db26f4ba4d9219f,663bab395c5db0c5bc0944d3,APPROVED,Not Applicable,2025-08-13T00:38:30Z,2025-08-13T00:42:13Z,2025-08-13T04:06:00Z,2025-08-13T00:42:14Z,224,CM8R3288,2679,English,42,Male,Black,United States,United States,United States,English,No,Unemployed (and job seeking)
2,689bdf6a03562820e7a43dd3,672bf6a8b306f66878d7d5ff,APPROVED,Not Applicable,2025-08-13T00:42:26Z,2025-08-13T00:48:43Z,2025-08-13T00:48:44Z,2025-08-13T00:48:43Z,378,CM8R3288,1683,English,24,Male,Black,United States,United States,United States,English,Yes,Full-Time
2,689be0eba4b6657160afe02b,5e2ac2aa0038f21089a533a4,APPROVED,Not Applicable,2025-08-13T00:48:43Z,2025-08-13T00:54:27Z,2025-08-13T00:54:30Z,2025-08-13T00:54:28Z,345,CM8R3288,9809,English,45,Female,White,United States,United States,United States,English,DATA_EXPIRED,Full-Time
2,689be24af579958c79062f18,62a3be0d93b8dd1e69b4317d,APPROVED,Not Applicable,2025-08-13T00:54:37Z,2025-08-13T01:33:38Z,2025-08-13T01:33:38Z,2025-08-13T01:33:38Z,2341,CM8R3288,5534,English,68,Female,White,United States,United States,United States,English,DATA_EXPIRED,DATA_EXPIRED
2,689beb7885a1dccd6cce6e27,66199b3cd796398a2ba74e05,APPROVED,Not Applicable,2025-08-13T01:33:47Z,2025-08-13T01:37:57Z,2025-08-13T04:06:00Z,2025-08-13T01:37:57Z,251,CM8R3288,1714,English,29,Female,White,United States,United States,United States,English,Yes,Full-Time
2,689bec797de081d42a0bdf23,5e29cc3230cf9d03580c34bf,APPROVED,Not Applicable,2025-08-13T01:38:06Z,2025-08-13T01:42:30Z,2025-08-13T04:06:00Z,2025-08-13T01:42:30Z,264,CM8R3288,5495,English,35,Male,White,United States,United States,United States,English,No,Full-Time
2,689bed87b7971dedf04de5ef,663176c4d9c9b4d919f7b79e,APPROVED,Not Applicable,2025-08-13T01:42:31Z,2025-08-13T02:18:57Z,2025-08-13T02:18:58Z,2025-08-13T02:18:58Z,2187,CM8R3288,4197,"English, Spanish",43,Female,Other,Mexico,United States,United States,Spanish,No,Full-Time
2,689bf680a23645d459120769,5e06ecd524f9390991997bb7,APPROVED,Not Applicable,2025-08-13T02:20:51Z,2025-08-13T02:28:23Z,2025-08-13T02:28:24Z,2025-08-13T02:28:24Z,453,CM8R3288,11250,English,30,Female,White,United States,United States,United States,English,DATA_EXPIRED,DATA_EXPIRED
2,689bf848bf509d3ae509bf15,67eee89119de070d8b864f60,APPROVED,Not Applicable,2025-08-13T02:28:24Z,2025-08-13T02:51:23Z,2025-08-13T02:51:24Z,2025-08-13T02:51:23Z,1379,CM8R3288,1260,English,35,Male,White,United States,United States,United States,English,Yes,Full-Time
2,689bfdac91faecf92f5b9bf4,67aca7b3335c8f2bb67624c3,APPROVED,Not Applicable,2025-08-13T02:51:24Z,2025-08-13T03:12:02Z,2025-08-13T03:12:04Z,2025-08-13T03:12:03Z,1238,CM8R3288,2149,English,45,Female,White,United States,United States,United States,English,Yes,Full-Time
2,689c02894f1af7338abf62ca,666c7b666fa83d9dad4c6451,APPROVED,Not Applicable,2025-08-13T03:12:13Z,2025-08-13T03:16:02Z,2025-08-13T04:06:00Z,2025-08-13T03:16:02Z,229,CM8R3288,2476,English,36,Male,White,United States,United States,United States,English,No,Full-Time
2,689bc6fe6ab1cfc0d0d5a2da,674d1412e0b30ad8c359b635,RETURNED,Not Applicable,2025-08-12T22:58:12Z,NA,NA,NA,NA,NA,1344,CONSENT_REVOKED,CONSENT_REVOKED,CONSENT_REVOKED,CONSENT_REVOKED,CONSENT_REVOKED,CONSENT_REVOKED,CONSENT_REVOKED,CONSENT_REVOKED,CONSENT_REVOKED,CONSENT_REVOKED
2,689bf616fa2b0b4acab4ab2b,6314c1e76c3f71e2127f1976,RETURNED,Not Applicable,2025-08-13T02:19:08Z,NA,NA,NA,NA,NA,4716,CONSENT_REVOKED,CONSENT_REVOKED,CONSENT_REVOKED,CONSENT_REVOKED,CONSENT_REVOKED,CONSENT_REVOKED,CONSENT_REVOKED,CONSENT_REVOKED,CONSENT_REVOKED,CONSENT_REVOKED
3,689e3060a59e517d75e09bce,6655087174a66ba157a211f3,APPROVED,Not Applicable,2025-08-14T18:52:21Z,2025-08-14T18:59:18Z,2025-08-14T18:59:19Z,2025-08-14T18:59:19Z,418,CJNCFAJ5,1679,English,45,Female,Black,United States,United States,United States,English,No,Unemployed (and job seeking)
3,689e33abfe65c93dcec2ab4a,6630fcae418bde6a9e7c3b47,APPROVED,Not Applicable,2025-08-14T19:06:22Z,2025-08-14T19:16:18Z,2025-08-14T19:16:18Z,2025-08-14T19:16:18Z,596,CJNCFAJ5,3449,"English, Spanish",42,Male,Asian,United States,United States,United States,Spanish,No,Full-Time
